run_group,check_rep,scenario,metric,n,mean,sd,ci95_half_width,relative_half_width,passed,criterion
r20260612_134238,10,ce_off,MEAN_LOCAL_CE_ACTIVATION,10,0.0,0.0,0.0,0.0,True,abs_hw<=0.0001
r20260612_134238,10,ce_off,CEI_SIM,10,0.0,0.0,0.0,0.0,True,abs_hw<=0.0001
r20260612_134238,10,ce_off,UNEMPLOYMENT,10,0.10000000000000002,0.0,0.0,0.0,True,rel_hw<=0.05
r20260612_134238,10,ce_off,D_adv_exposure,10,0.030004745034712704,0.0004014799913844283,0.0002488398767208759,0.008293350816112294,True,rel_hw<=0.05
r20260612_134238,10,ce_off,D_resources,10,0.025207203515319458,0.013133432653096765,0.00814018589332191,0.3229309387046756,False,rel_hw<=0.05
r20260612_134238,10,ce_off,MEAN_RESOURCES,10,1.0260592422214068,0.013742188788319601,0.00851749685499541,0.00830117453701321,True,rel_hw<=0.05
r20260612_134238,10,ce_light,MEAN_LOCAL_CE_ACTIVATION,10,0.026348566015223156,0.013724594080107174,0.008506591541862812,0.3228483681786721,False,rel_hw<=0.05
r20260612_134238,10,ce_light,CEI_SIM,10,0.5637779864937122,0.0026589468201773108,0.0016480323132884017,0.002923193797505221,True,rel_hw<=0.05
r20260612_134238,10,ce_light,UNEMPLOYMENT,10,0.09154333020259432,3.9884202302663573e-05,2.472048469932845e-05,0.0002700413524897948,True,rel_hw<=0.05
r20260612_134238,10,ce_light,D_adv_exposure,10,0.1777947587008661,0.009410980788993223,0.005832986324624183,0.03280741438749604,True,rel_hw<=0.05
r20260612_134238,10,ce_light,D_resources,10,0.14575662158504424,0.015568793998630785,0.009649638493696197,0.06620377440668071,False,rel_hw<=0.05
r20260612_134238,10,ce_light,MEAN_RESOURCES,10,1.1716564634909086,0.021628818478282356,0.01340568057998303,0.011441647784745098,True,rel_hw<=0.05
r20260612_134238,10,baseline,MEAN_LOCAL_CE_ACTIVATION,10,0.01904324528001575,0.001010566033476967,0.0006263553167906798,0.03289120670246189,True,rel_hw<=0.05
r20260612_134238,10,baseline,CEI_SIM,10,0.6183500198000312,0.0018817551238816833,0.0011663239092710518,0.0018861872271763334,True,rel_hw<=0.05
r20260612_134238,10,baseline,UNEMPLOYMENT,10,0.09072474970299955,2.822632685821861e-05,1.7494858639061662e-05,0.00019283446574758909,True,rel_hw<=0.05
r20260612_134238,10,baseline,D_adv_exposure,10,0.1700529705241359,0.000338872619051471,0.00021003542532236637,0.0012351176499592854,True,rel_hw<=0.05
r20260612_134238,10,baseline,D_resources,10,0.3795971491557216,0.017676370799749923,0.010955928128608763,0.028861987380506715,True,rel_hw<=0.05
r20260612_134238,10,baseline,MEAN_RESOURCES,10,1.621033082540169,0.04592526376132021,0.028464773383433613,0.017559649886249782,True,rel_hw<=0.05
r20260612_134238,10,ce_strong,MEAN_LOCAL_CE_ACTIVATION,10,0.019440550385949197,0.0031031040302930335,0.0019233238042261275,0.09893360867067962,False,rel_hw<=0.05
r20260612_134238,10,ce_strong,CEI_SIM,10,0.6419630210832671,0.001616737747188711,0.0010020644374160192,0.0015609379426950582,True,rel_hw<=0.05
r20260612_134238,10,ce_strong,UNEMPLOYMENT,10,0.090370554683751,2.4251066207832286e-05,1.5030966561241296e-05,0.00016632593009793627,True,rel_hw<=0.05
r20260612_134238,10,ce_strong,D_adv_exposure,10,0.17199542754533004,0.004969149322011384,0.0030799106586433395,0.01790693335630459,True,rel_hw<=0.05
r20260612_134238,10,ce_strong,D_resources,10,0.7734614805411392,0.0026377367633019376,0.0016348861838389346,0.0021137267012897843,True,rel_hw<=0.05
r20260612_134238,10,ce_strong,MEAN_RESOURCES,10,5.259350418516144,0.08982727120138301,0.0556755195068279,0.010586006840467574,True,rel_hw<=0.05
r20260612_134238,15,ce_off,MEAN_LOCAL_CE_ACTIVATION,15,0.0,0.0,0.0,0.0,True,abs_hw<=0.0001
r20260612_134238,15,ce_off,CEI_SIM,15,0.0,0.0,0.0,0.0,True,abs_hw<=0.0001
r20260612_134238,15,ce_off,UNEMPLOYMENT,15,0.10000000000000005,2.872975021810196e-17,1.4539259633693285e-17,1.4539259633693278e-16,True,rel_hw<=0.05
r20260612_134238,15,ce_off,D_adv_exposure,15,0.030063607809103363,0.000368068753216555,0.00018626848912502722,0.006195812901358582,True,rel_hw<=0.05
r20260612_134238,15,ce_off,D_resources,15,0.027150431327188574,0.011785474262369434,0.005964272884587559,0.21967506934650086,False,rel_hw<=0.05
r20260612_134238,15,ce_off,MEAN_RESOURCES,15,1.028081369068448,0.012346127062262518,0.006248002348300982,0.006077342257415229,True,rel_hw<=0.05
r20260612_134238,15,ce_light,MEAN_LOCAL_CE_ACTIVATION,15,0.025924665637201295,0.013037762239719511,0.006598018040762755,0.2545073534639827,False,rel_hw<=0.05
r20260612_134238,15,ce_light,CEI_SIM,15,0.5627461736771625,0.003132974274031643,0.0015855037391563213,0.002817440283593819,True,rel_hw<=0.05
r20260612_134238,15,ce_light,UNEMPLOYMENT,15,0.09155880739484255,4.6994614110479365e-05,2.3782556087347204e-05,0.00025975170236530254,True,rel_hw<=0.05
r20260612_134238,15,ce_light,D_adv_exposure,15,0.17683439288302388,0.008681857276121946,0.004393625982890478,0.02484599240712674,True,rel_hw<=0.05
r20260612_134238,15,ce_light,D_resources,15,0.1494446530699059,0.01549688821127169,0.00784250748814499,0.05247767201464539,False,rel_hw<=0.05
r20260612_134238,15,ce_light,MEAN_RESOURCES,15,1.176777962681963,0.021743458831544122,0.011003708381952882,0.00935070908098468,True,rel_hw<=0.05
r20260612_134238,15,baseline,MEAN_LOCAL_CE_ACTIVATION,15,0.018985344166656395,0.0008496966205669708,0.0004300058191425211,0.02264935601735007,True,rel_hw<=0.05
r20260612_134238,15,baseline,CEI_SIM,15,0.618485794674141,0.0016566722393629497,0.0008383918284417752,0.0013555555126104314,True,rel_hw<=0.05
r20260612_134238,15,baseline,UNEMPLOYMENT,15,0.09072271307988791,2.4850083590439943e-05,1.2575877426624452e-05,0.00013861884196023197,True,rel_hw<=0.05
r20260612_134238,15,baseline,D_adv_exposure,15,0.17003460633685533,0.0002915075060088283,0.00014752315223270899,0.0008676066326195449,True,rel_hw<=0.05
r20260612_134238,15,baseline,D_resources,15,0.37707433609549945,0.01635833449106958,0.00827845945526544,0.021954449462105004,True,rel_hw<=0.05
r20260612_134238,15,baseline,MEAN_RESOURCES,15,1.614385679125711,0.04259693023318799,0.02155702098197898,0.013353079911891582,True,rel_hw<=0.05
r20260612_134238,15,ce_strong,MEAN_LOCAL_CE_ACTIVATION,15,0.01927458957124685,0.003036966524844201,0.001536917114431571,0.07973799435523594,False,rel_hw<=0.05
r20260612_134238,15,ce_strong,CEI_SIM,15,0.6417570870683857,0.0014754166176382804,0.0007466638278738828,0.0011634679895546182,True,rel_hw<=0.05
r20260612_134238,15,ce_strong,UNEMPLOYMENT,15,0.0903736436939742,2.213124926457482e-05,1.1199957418108553e-05,0.00012392946616199483,True,rel_hw<=0.05
r20260612_134238,15,ce_strong,D_adv_exposure,15,0.17349608076513123,0.004976697807613454,0.002518556583124532,0.014516504188552855,True,rel_hw<=0.05
r20260612_134238,15,ce_strong,D_resources,15,0.7727962785821095,0.0028931808857798227,0.0014641515413902743,0.0018946151553377445,True,rel_hw<=0.05
r20260612_134238,15,ce_strong,MEAN_RESOURCES,15,5.23404333742835,0.10416524498147656,0.052714887184738254,0.010071541977456903,True,rel_hw<=0.05
r20260612_134238,20,ce_off,MEAN_LOCAL_CE_ACTIVATION,20,0.0,0.0,0.0,0.0,True,abs_hw<=0.0001
r20260612_134238,20,ce_off,CEI_SIM,20,0.0,0.0,0.0,0.0,True,abs_hw<=0.0001
r20260612_134238,20,ce_off,UNEMPLOYMENT,20,0.10000000000000002,0.0,0.0,0.0,True,rel_hw<=0.05
r20260612_134238,20,ce_off,D_adv_exposure,20,0.030039924298418376,0.00042750366666655565,0.00018736174282217853,0.006237091044601709,True,rel_hw<=0.05
r20260612_134238,20,ce_off,D_resources,20,0.028566538387206568,0.01043220484058392,0.004572115359034608,0.16005143140067035,False,rel_hw<=0.05
r20260612_134238,20,ce_off,MEAN_RESOURCES,20,1.029549914985707,0.010922524679827473,0.004787007503322617,0.004649611867909361,True,rel_hw<=0.05
r20260612_134238,20,ce_light,MEAN_LOCAL_CE_ACTIVATION,20,0.024228157508444804,0.011860918483496066,0.00519827672091746,0.2145551810576427,False,rel_hw<=0.05
r20260612_134238,20,ce_light,CEI_SIM,20,0.5625391524182153,0.002925008159244567,0.0012819413474472268,0.00227884822227303,True,rel_hw<=0.05
r20260612_134238,20,ce_light,UNEMPLOYMENT,20,0.0915619127137268,4.387512238867207e-05,1.9229120211709963e-05,0.00021001221623483153,True,rel_hw<=0.05
r20260612_134238,20,ce_light,D_adv_exposure,20,0.17872583516075985,0.008972527037256225,0.003932383355510902,0.02200232189136961,True,rel_hw<=0.05
r20260612_134238,20,ce_light,D_resources,20,0.15018790705736107,0.015458939061809101,0.006775178766037467,0.04511134683733113,True,rel_hw<=0.05
r20260612_134238,20,ce_light,MEAN_RESOURCES,20,1.177805733162797,0.02176844040035612,0.009540439649872409,0.008100181024126263,True,rel_hw<=0.05
r20260612_134238,20,baseline,MEAN_LOCAL_CE_ACTIVATION,20,0.018889031386145935,0.0007786137360565638,0.0003412425154393609,0.01806564394242277,True,rel_hw<=0.05
r20260612_134238,20,baseline,CEI_SIM,20,0.6188492497059481,0.001817094409328894,0.0007963767376756699,0.0012868670973651105,True,rel_hw<=0.05
r20260612_134238,20,baseline,UNEMPLOYMENT,20,0.09071726125441079,2.7256416139930676e-05,1.1945651065133851e-05,0.00013168002318360376,True,rel_hw<=0.05
r20260612_134238,20,baseline,D_adv_exposure,20,0.17012353437009342,0.0003898721949906704,0.0001708690231850936,0.0010043820440114911,True,rel_hw<=0.05
r20260612_134238,20,baseline,D_resources,20,0.3796576425195185,0.01700802988475101,0.007454097753187628,0.019633735551114074,True,rel_hw<=0.05
r20260612_134238,20,baseline,MEAN_RESOURCES,20,1.6213987384615822,0.04467528915944674,0.01957980876109654,0.012075875166693593,True,rel_hw<=0.05
r20260612_134238,20,ce_strong,MEAN_LOCAL_CE_ACTIVATION,20,0.01990407835585756,0.003838924675801325,0.0016824829209762485,0.08452955675192625,False,rel_hw<=0.05
r20260612_134238,20,ce_strong,CEI_SIM,20,0.6419093965042159,0.001538950443399617,0.0006744747698672173,0.0010507320402853575,True,rel_hw<=0.05
r20260612_134238,20,ce_strong,UNEMPLOYMENT,20,0.09037135905243678,2.3084256650995467e-05,1.011712154800879e-05,0.00011195053005829496,True,rel_hw<=0.05
r20260612_134238,20,ce_strong,D_adv_exposure,20,0.17368306489677002,0.004505241708475351,0.0019745092361827623,0.011368461498283258,True,rel_hw<=0.05
r20260612_134238,20,ce_strong,D_resources,20,0.7729748273351522,0.0026077852475929805,0.0011429122765304485,0.0014785892581659662,True,rel_hw<=0.05
r20260612_134238,20,ce_strong,MEAN_RESOURCES,20,5.242875680356033,0.09479328829557039,0.04154499034216759,0.007924084581640577,True,rel_hw<=0.05
r20260612_134238,25,ce_off,MEAN_LOCAL_CE_ACTIVATION,25,0.0,0.0,0.0,0.0,True,abs_hw<=0.0001
r20260612_134238,25,ce_off,CEI_SIM,25,0.0,0.0,0.0,0.0,True,abs_hw<=0.0001
r20260612_134238,25,ce_off,UNEMPLOYMENT,25,0.10000000000000002,0.0,0.0,0.0,True,rel_hw<=0.05
r20260612_134238,25,ce_off,D_adv_exposure,25,0.030028101286707583,0.00044781809938335094,0.00017554469495827357,0.005846013814932122,True,rel_hw<=0.05
r20260612_134238,25,ce_off,D_resources,25,0.027533848366921552,0.011668598762227967,0.004574090714793363,0.16612609519156632,False,rel_hw<=0.05
r20260612_134238,25,ce_off,MEAN_RESOURCES,25,1.0284855589930089,0.012192855387789806,0.004779599312013604,0.0046472206344766905,True,rel_hw<=0.05
r20260612_134238,25,ce_light,MEAN_LOCAL_CE_ACTIVATION,25,0.025215845714481874,0.012401009331286596,0.004861195657864346,0.19278336776436103,False,rel_hw<=0.05
r20260612_134238,25,ce_light,CEI_SIM,25,0.5628757918396388,0.00351759179253947,0.0013788959826754722,0.0024497340313194968,True,rel_hw<=0.05
r20260612_134238,25,ce_light,UNEMPLOYMENT,25,0.09155686312240542,5.27638768880933e-05,2.0683439740132574e-05,0.0002259081300380529,True,rel_hw<=0.05
r20260612_134238,25,ce_light,D_adv_exposure,25,0.17851788461845544,0.009010738575086816,0.0035322095214340315,0.019786306167493464,True,rel_hw<=0.05
r20260612_134238,25,ce_light,D_resources,25,0.1492857716991345,0.015309339405928078,0.0060012610471238065,0.04019981930507446,True,rel_hw<=0.05
r20260612_134238,25,ce_light,MEAN_RESOURCES,25,1.1765436697310832,0.02146045732686077,0.008412499272129422,0.0071501802173243815,True,rel_hw<=0.05
r20260612_134238,25,baseline,MEAN_LOCAL_CE_ACTIVATION,25,0.018811282702104457,0.0007751778595132223,0.0003038697209291831,0.01615358855327758,True,rel_hw<=0.05
r20260612_134238,25,baseline,CEI_SIM,25,0.6188524859892013,0.0016587172767401719,0.0006502171724821474,0.001050682007753126,True,rel_hw<=0.05
r20260612_134238,25,baseline,UNEMPLOYMENT,25,0.090717212710162,2.4880759151100448e-05,9.753257587231375e-06,0.00010751275635410733,True,rel_hw<=0.05
r20260612_134238,25,baseline,D_adv_exposure,25,0.1701848840087562,0.00039490380092257967,0.0001548022899616512,0.0009096124539103394,True,rel_hw<=0.05
r20260612_134238,25,baseline,D_resources,25,0.3795280718829392,0.016222137642005544,0.006359077955666173,0.016755224255526356,True,rel_hw<=0.05
r20260612_134238,25,baseline,MEAN_RESOURCES,25,1.6208674676963881,0.042700621334658635,0.016738643563186183,0.010326966205926451,True,rel_hw<=0.05
r20260612_134238,25,ce_strong,MEAN_LOCAL_CE_ACTIVATION,25,0.019886354422152835,0.0035274720106620886,0.0013827690281795388,0.06953356049207156,False,rel_hw<=0.05
r20260612_134238,25,ce_strong,CEI_SIM,25,0.6417891812418661,0.0016357811856954761,0.0006412262247926266,0.0009991228327530387,True,rel_hw<=0.05
r20260612_134238,25,ce_strong,UNEMPLOYMENT,25,0.09037316228137202,2.4536717785432024e-05,9.618393371889353e-06,0.00010642975335911119,True,rel_hw<=0.05
r20260612_134238,25,ce_strong,D_adv_exposure,25,0.17418863173320173,0.004552542741927082,0.0017845967548354162,0.010245196469358672,True,rel_hw<=0.05
r20260612_134238,25,ce_strong,D_resources,25,0.7730083723421431,0.00276323187181056,0.0010831868937497395,0.0014012615289893749,True,rel_hw<=0.05
r20260612_134238,25,ce_strong,MEAN_RESOURCES,25,5.247274675865745,0.09819901024848542,0.03849401201740628,0.007336000951971354,True,rel_hw<=0.05
r20260612_134238,30,ce_off,MEAN_LOCAL_CE_ACTIVATION,30,0.0,0.0,0.0,0.0,True,abs_hw<=0.0001
r20260612_134238,30,ce_off,CEI_SIM,30,0.0,0.0,0.0,0.0,True,abs_hw<=0.0001
r20260612_134238,30,ce_off,UNEMPLOYMENT,30,0.10000000000000003,1.4115032135209254e-17,5.050999380238087e-18,5.050999380238085e-17,True,rel_hw<=0.05
r20260612_134238,30,ce_off,D_adv_exposure,30,0.029972317817712903,0.00043790424055342806,0.0001567020199778103,0.005228224955135211,True,rel_hw<=0.05
r20260612_134238,30,ce_off,D_resources,30,0.028400539999061735,0.010823978394191249,0.0038733109239187666,0.13638159429527497,False,rel_hw<=0.05
r20260612_134238,30,ce_off,MEAN_RESOURCES,30,1.0293820196596928,0.011308046624381162,0.004046532515429224,0.003931030888578161,True,rel_hw<=0.05
r20260612_134238,30,ce_light,MEAN_LOCAL_CE_ACTIVATION,30,0.025738698713172213,0.012399893437490843,0.00443724487963102,0.1723958514406241,False,rel_hw<=0.05
r20260612_134238,30,ce_light,CEI_SIM,30,0.5631041097021151,0.0037049545964982222,0.0013258009752625576,0.002354450895348487,True,rel_hw<=0.05
r20260612_134238,30,ce_light,UNEMPLOYMENT,30,0.09155343835446826,5.557431894747277e-05,1.988701462893816e-05,0.00021721756152883555,True,rel_hw<=0.05
r20260612_134238,30,ce_light,D_adv_exposure,30,0.17782199301737486,0.008826520312931452,0.003158529729384475,0.017762312050320216,True,rel_hw<=0.05
r20260612_134238,30,ce_light,D_resources,30,0.1479447822898483,0.017391861746660367,0.006223597797162626,0.04206703136694316,True,rel_hw<=0.05
r20260612_134238,30,ce_light,MEAN_RESOURCES,30,1.1748088100841723,0.023989937834508035,0.008584689002003034,0.007307307306784635,True,rel_hw<=0.05
r20260612_134238,30,baseline,MEAN_LOCAL_CE_ACTIVATION,30,0.018762914890848602,0.000734080530956989,0.00026268734434260136,0.014000348339837331,True,rel_hw<=0.05
r20260612_134238,30,baseline,CEI_SIM,30,0.6188073907419871,0.001596365996386152,0.0005712522352865385,0.0009231503111195437,True,rel_hw<=0.05
r20260612_134238,30,baseline,UNEMPLOYMENT,30,0.09071788913887023,2.3945489945789345e-05,8.568783529297028e-06,9.445527900434281e-05,True,rel_hw<=0.05
r20260612_134238,30,baseline,D_adv_exposure,30,0.17018549535219404,0.0003638640133924538,0.00013020706495961375,0.0007650890852369877,True,rel_hw<=0.05
r20260612_134238,30,baseline,D_resources,30,0.37897543301696307,0.01634583062129108,0.005849280366260675,0.015434457900596577,True,rel_hw<=0.05
r20260612_134238,30,baseline,MEAN_RESOURCES,30,1.6195583919650722,0.042989516771303936,0.015383601006968017,0.00949863931012855,True,rel_hw<=0.05
r20260612_134238,30,ce_strong,MEAN_LOCAL_CE_ACTIVATION,30,0.0197341776235228,0.003275131101856147,0.0011719906130719295,0.05938887525137793,False,rel_hw<=0.05
r20260612_134238,30,ce_strong,CEI_SIM,30,0.6418658226128748,0.0016616441064970463,0.0005946117069869799,0.0009263800720319781,True,rel_hw<=0.05
r20260612_134238,30,ce_strong,UNEMPLOYMENT,30,0.0903720126608069,2.4924661597456006e-05,8.91917560480481e-06,9.86940020720921e-05,True,rel_hw<=0.05
r20260612_134238,30,ce_strong,D_adv_exposure,30,0.17424392848655207,0.004715716728894307,0.0016874975591169921,0.0096846849917484,True,rel_hw<=0.05
r20260612_134238,30,ce_strong,D_resources,30,0.7729636950488102,0.002642461058084015,0.0009455925455098349,0.0012233337109708933,True,rel_hw<=0.05
r20260612_134238,30,ce_strong,MEAN_RESOURCES,30,5.245947346716306,0.09445163298350279,0.03379908278579879,0.006442894019314792,True,rel_hw<=0.05
r20260612_134238,35,ce_off,MEAN_LOCAL_CE_ACTIVATION,35,0.0,0.0,0.0,0.0,True,abs_hw<=0.0001
r20260612_134238,35,ce_off,CEI_SIM,35,0.0,0.0,0.0,0.0,True,abs_hw<=0.0001
r20260612_134238,35,ce_off,UNEMPLOYMENT,35,0.10000000000000002,0.0,0.0,0.0,True,rel_hw<=0.05
r20260612_134238,35,ce_off,D_adv_exposure,35,0.02996874355544334,0.00041192964776323406,0.00013647248502671923,0.0045538273826608655,True,rel_hw<=0.05
r20260612_134238,35,ce_off,D_resources,35,0.027073590081239995,0.012030079104733185,0.003985570835713662,0.14721249837033507,False,rel_hw<=0.05
r20260612_134238,35,ce_off,MEAN_RESOURCES,35,1.028005297395318,0.012535265219308497,0.004152939231825596,0.0040398033379283145,True,rel_hw<=0.05
r20260612_134238,35,ce_light,MEAN_LOCAL_CE_ACTIVATION,35,0.024998079893196145,0.01168289514329801,0.0038705486268589303,0.1548338369745109,False,rel_hw<=0.05
r20260612_134238,35,ce_light,CEI_SIM,35,0.5631471337884902,0.003541032117467587,0.0011731455972015593,0.002083195539519829,True,rel_hw<=0.05
r20260612_134238,35,ce_light,UNEMPLOYMENT,35,0.09155279299317265,5.3115481762012765e-05,1.7597183958023044e-05,0.00019220805158107318,True,rel_hw<=0.05
r20260612_134238,35,ce_light,D_adv_exposure,35,0.17765164987794477,0.00838550683350859,0.002778122337130775,0.015638032852717546,True,rel_hw<=0.05
r20260612_134238,35,ce_light,D_resources,35,0.14912740499178212,0.01888662316840324,0.006257147091866228,0.041958398539899744,True,rel_hw<=0.05
r20260612_134238,35,ce_light,MEAN_RESOURCES,35,1.176531367015013,0.02639901983903558,0.008746007623548387,0.007433722439324292,True,rel_hw<=0.05
r20260612_134238,35,baseline,MEAN_LOCAL_CE_ACTIVATION,35,0.01875019764151053,0.0007257765473570779,0.00024045010969655475,0.012823870675593792,True,rel_hw<=0.05
r20260612_134238,35,baseline,CEI_SIM,35,0.618838162586504,0.0015017406411308866,0.0004975273770013956,0.0008039700960295075,True,rel_hw<=0.05
r20260612_134238,35,baseline,UNEMPLOYMENT,35,0.09071742756120244,2.2526109616961095e-05,7.462910655020205e-06,8.22654572076061e-05,True,rel_hw<=0.05
r20260612_134238,35,baseline,D_adv_exposure,35,0.17017750405745855,0.0003378893205256786,0.00011194288997288507,0.0006578007510034276,True,rel_hw<=0.05
r20260612_134238,35,baseline,D_resources,35,0.3801828772961289,0.01765839448603827,0.005850234354767529,0.015387948022211198,True,rel_hw<=0.05
r20260612_134238,35,baseline,MEAN_RESOURCES,35,1.6229664150305394,0.04683439892691611,0.015516258276128441,0.00956043090752218,True,rel_hw<=0.05
r20260612_134238,35,ce_strong,MEAN_LOCAL_CE_ACTIVATION,35,0.01953815662274249,0.003144052879611145,0.001041626189971563,0.05331240864141226,False,rel_hw<=0.05
r20260612_134238,35,ce_strong,CEI_SIM,35,0.6416924962525851,0.001646336794477992,0.0005454321502551194,0.0008499899148585721,True,rel_hw<=0.05
r20260612_134238,35,ce_strong,UNEMPLOYMENT,35,0.09037461255621122,2.4695051917169585e-05,8.181482253826694e-06,9.052854582074113e-05,True,rel_hw<=0.05
r20260612_134238,35,ce_strong,D_adv_exposure,35,0.17423323677240882,0.004717055965254131,0.001562762848180207,0.008969372762221924,True,rel_hw<=0.05
r20260612_134238,35,ce_strong,D_resources,35,0.7730870598775754,0.0025351620086216356,0.0008399003595409657,0.0010864240305276493,True,rel_hw<=0.05
r20260612_134238,35,ce_strong,MEAN_RESOURCES,35,5.2519146341621585,0.0918394846878915,0.030426464244530015,0.005793404189514967,True,rel_hw<=0.05
r20260612_134238,40,ce_off,MEAN_LOCAL_CE_ACTIVATION,40,0.0,0.0,0.0,0.0,True,abs_hw<=0.0001
r20260612_134238,40,ce_off,CEI_SIM,40,0.0,0.0,0.0,0.0,True,abs_hw<=0.0001
r20260612_134238,40,ce_off,UNEMPLOYMENT,40,0.10000000000000002,0.0,0.0,0.0,True,rel_hw<=0.05
r20260612_134238,40,ce_off,D_adv_exposure,40,0.029972510518747962,0.00038634830253507903,0.00011973057940276418,0.003994679702518482,True,rel_hw<=0.05
r20260612_134238,40,ce_off,D_resources,40,0.027092166477328473,0.011839276025002314,0.0036690296524703263,0.13542769477445368,False,rel_hw<=0.05
r20260612_134238,40,ce_off,MEAN_RESOURCES,40,1.0280221630510695,0.012348907008494387,0.0038269659305249356,0.003722649246361454,True,rel_hw<=0.05
r20260612_134238,40,ce_light,MEAN_LOCAL_CE_ACTIVATION,40,0.02575414837346347,0.011967281005741064,0.0037086988069864094,0.14400393882982263,False,rel_hw<=0.05
r20260612_134238,40,ce_light,CEI_SIM,40,0.5631744829994351,0.003481769055441343,0.0010790114091849964,0.0019159451320277215,True,rel_hw<=0.05
r20260612_134238,40,ce_light,UNEMPLOYMENT,40,0.09155238275500847,5.2226535831618826e-05,1.6185171137774537e-05,0.00017678590824976763,True,rel_hw<=0.05
r20260612_134238,40,ce_light,D_adv_exposure,40,0.17731694845540835,0.008224286403175608,0.0025487327620317,0.014373881257451569,True,rel_hw<=0.05
r20260612_134238,40,ce_light,D_resources,40,0.15083001469952012,0.01862922238867567,0.005773255831029732,0.038276571427318835,True,rel_hw<=0.05
r20260612_134238,40,ce_light,MEAN_RESOURCES,40,1.1788934029008744,0.026067553001281073,0.008078418370098218,0.006852543538050047,True,rel_hw<=0.05
r20260612_134238,40,baseline,MEAN_LOCAL_CE_ACTIVATION,40,0.01878553406769551,0.0006973054368488872,0.00021609719371559646,0.01150338302530389,True,rel_hw<=0.05
r20260612_134238,40,baseline,CEI_SIM,40,0.618749246658062,0.0015041854596520357,0.0004661519034291583,0.0007533777308770879,True,rel_hw<=0.05
r20260612_134238,40,baseline,UNEMPLOYMENT,40,0.09071876130012908,2.2562781894778353e-05,6.992278551436698e-06,7.707643326724687e-05,True,rel_hw<=0.05
r20260612_134238,40,baseline,D_adv_exposure,40,0.17018479408404846,0.00034017926713750794,0.00010542264709829646,0.0006194598504860065,True,rel_hw<=0.05
r20260612_134238,40,baseline,D_resources,40,0.3814531577527136,0.016887950832720742,0.005233630185144809,0.013720243439530362,True,rel_hw<=0.05
r20260612_134238,40,baseline,MEAN_RESOURCES,40,1.6262119825012664,0.04474622163405568,0.013866997750931096,0.00852717720699755,True,rel_hw<=0.05
r20260612_134238,40,ce_strong,MEAN_LOCAL_CE_ACTIVATION,40,0.01935488118039335,0.0030138036341764147,0.0009339874226400544,0.04825591094747671,True,rel_hw<=0.05
r20260612_134238,40,ce_strong,CEI_SIM,40,0.6416369783106333,0.0016232535942345653,0.0005030515006279273,0.000784012638972916,True,rel_hw<=0.05
r20260612_134238,40,ce_strong,UNEMPLOYMENT,40,0.0903754453253405,2.434880391351823e-05,7.545772509418832e-06,8.349361358336856e-05,True,rel_hw<=0.05
r20260612_134238,40,ce_strong,D_adv_exposure,40,0.1743765324601451,0.004662267090560752,0.0014448515404894122,0.008285814152312282,True,rel_hw<=0.05
r20260612_134238,40,ce_strong,D_resources,40,0.7730979935655738,0.002510331317540635,0.0007779597352178207,0.0010062886486483095,True,rel_hw<=0.05
r20260612_134238,40,ce_strong,MEAN_RESOURCES,40,5.253547215497875,0.09157735746534422,0.02838011710561137,0.005402086617188956,True,rel_hw<=0.05
r20260612_134238,45,ce_off,MEAN_LOCAL_CE_ACTIVATION,45,0.0,0.0,0.0,0.0,True,abs_hw<=0.0001
r20260612_134238,45,ce_off,CEI_SIM,45,0.0,0.0,0.0,0.0,True,abs_hw<=0.0001
r20260612_134238,45,ce_off,UNEMPLOYMENT,45,0.09999999999999998,4.2103811840951543e-17,1.2301872757395153e-17,1.2301872757395155e-16,True,rel_hw<=0.05
r20260612_134238,45,ce_off,D_adv_exposure,45,0.029953066222549105,0.00038882312799850334,0.00011360616620269067,0.003792805897019194,True,rel_hw<=0.05
r20260612_134238,45,ce_off,D_resources,45,0.02717448268787036,0.0117864161261067,0.0034437497487590433,0.1267273341801719,False,rel_hw<=0.05
r20260612_134238,45,ce_off,MEAN_RESOURCES,45,1.028107032061647,0.012291231182158085,0.003591246384194822,0.003493066647928039,True,rel_hw<=0.05
r20260612_134238,45,ce_light,MEAN_LOCAL_CE_ACTIVATION,45,0.025272090507823603,0.011410307736237453,0.0033338585690093746,0.13191859090474908,False,rel_hw<=0.05
r20260612_134238,45,ce_light,CEI_SIM,45,0.5632721174031707,0.0033934194568950595,0.0009914877666869354,0.001760228735017009,True,rel_hw<=0.05
r20260612_134238,45,ce_light,UNEMPLOYMENT,45,0.09155091823895245,5.090129185342451e-05,1.4872316500303626e-05,0.00016244857819433487,True,rel_hw<=0.05
r20260612_134238,45,ce_light,D_adv_exposure,45,0.1769769659298844,0.008139187957532238,0.002378104267146128,0.013437366013429663,True,rel_hw<=0.05
r20260612_134238,45,ce_light,D_resources,45,0.15177315360035498,0.018208594897270735,0.005320179046100279,0.035053492135435446,True,rel_hw<=0.05
r20260612_134238,45,ce_light,MEAN_RESOURCES,45,1.1801625351422333,0.025504061686481044,0.007451765242753753,0.006314185564156775,True,rel_hw<=0.05
r20260612_134238,45,baseline,MEAN_LOCAL_CE_ACTIVATION,45,0.018773321937247706,0.0006774861222020969,0.0001979475896793981,0.01054408965771023,True,rel_hw<=0.05
r20260612_134238,45,baseline,CEI_SIM,45,0.6187395811811801,0.0014374755261479593,0.00042000095101465745,0.0006788008457659544,True,rel_hw<=0.05
r20260612_134238,45,baseline,UNEMPLOYMENT,45,0.09071890628228232,2.1562132892217573e-05,6.300014265219331e-06,6.944543892114518e-05,True,rel_hw<=0.05
r20260612_134238,45,baseline,D_adv_exposure,45,0.17017762424160546,0.0003446176996334974,0.00010069024407700031,0.0005916773402245164,True,rel_hw<=0.05
r20260612_134238,45,baseline,D_resources,45,0.38091235183918387,0.01713900058529666,0.005007665462350583,0.013146503226192971,True,rel_hw<=0.05
r20260612_134238,45,baseline,MEAN_RESOURCES,45,1.6247460056371548,0.04534222325055509,0.013248070342723788,0.008153933166635772,True,rel_hw<=0.05
r20260612_134238,45,ce_strong,MEAN_LOCAL_CE_ACTIVATION,45,0.01915098966975859,0.002955276931605516,0.0008634714812238388,0.04508756446082524,True,rel_hw<=0.05
r20260612_134238,45,ce_strong,CEI_SIM,45,0.6415928952105234,0.0016224197687930808,0.0004740378764319472,0.0007388452708417274,True,rel_hw<=0.05
r20260612_134238,45,ce_strong,UNEMPLOYMENT,45,0.09037610657184215,2.4336296531896465e-05,7.110568146479282e-06,7.867752236955372e-05,True,rel_hw<=0.05
r20260612_134238,45,ce_strong,D_adv_exposure,45,0.17463347777937524,0.004529648099036102,0.00132347053897673,0.007578561429376951,True,rel_hw<=0.05
r20260612_134238,45,ce_strong,D_resources,45,0.7729630824274513,0.002645689191850957,0.0007730162750278557,0.0010000688164824604,True,rel_hw<=0.05
r20260612_134238,45,ce_strong,MEAN_RESOURCES,45,5.249055558087276,0.09397971519145512,0.027458950805424005,0.005231217406932892,True,rel_hw<=0.05
r20260612_134238,50,ce_off,MEAN_LOCAL_CE_ACTIVATION,50,0.0,0.0,0.0,0.0,True,abs_hw<=0.0001
r20260612_134238,50,ce_off,CEI_SIM,50,0.0,0.0,0.0,0.0,True,abs_hw<=0.0001
r20260612_134238,50,ce_off,UNEMPLOYMENT,50,0.1,1.401868266681942e-17,3.885780586188048e-18,3.885780586188048e-17,True,rel_hw<=0.05
r20260612_134238,50,ce_off,D_adv_exposure,50,0.029954077549988082,0.00037939729995114385,0.0001051635661952536,0.0035108263981674655,True,rel_hw<=0.05
r20260612_134238,50,ce_off,D_resources,50,0.02756511712496507,0.012654846015260892,0.003507744353446914,0.12725301828193697,False,rel_hw<=0.05
r20260612_134238,50,ce_off,MEAN_RESOURCES,50,1.0285435767843785,0.013252116811604478,0.0036732993717242157,0.0035713599838019094,True,rel_hw<=0.05
r20260612_134238,50,ce_light,MEAN_LOCAL_CE_ACTIVATION,50,0.02513099729387388,0.011078012950979944,0.0030706685272464435,0.12218649707128705,False,rel_hw<=0.05
r20260612_134238,50,ce_light,CEI_SIM,50,0.5631464136948136,0.0033452260123011473,0.0009272493431767114,0.0016465510933347015,True,rel_hw<=0.05
r20260612_134238,50,ce_light,UNEMPLOYMENT,50,0.09155280379457782,5.017839018451582e-05,1.3908740147650286e-05,0.0001519204171928815,True,rel_hw<=0.05
r20260612_134238,50,ce_light,D_adv_exposure,50,0.17716100093425613,0.008061257295503643,0.0022344665218277404,0.012612632069384976,True,rel_hw<=0.05
r20260612_134238,50,ce_light,D_resources,50,0.15205692276361552,0.017402641280325686,0.004823766058671092,0.031723422853756005,True,rel_hw<=0.05
r20260612_134238,50,ce_light,MEAN_RESOURCES,50,1.180512656721577,0.02437448338128874,0.0067562620948366054,0.005723159388735012,True,rel_hw<=0.05
r20260612_134238,50,baseline,MEAN_LOCAL_CE_ACTIVATION,50,0.018799425620096934,0.0006541252873623628,0.00018131427916429413,0.009644671216468753,True,rel_hw<=0.05
r20260612_134238,50,baseline,CEI_SIM,50,0.6187613114265914,0.001413437362885717,0.0003917848484789372,0.0006331760587546329,True,rel_hw<=0.05
r20260612_134238,50,baseline,UNEMPLOYMENT,50,0.09071858032860114,2.1201560443283655e-05,5.876772727183476e-06,6.478025456192778e-05,True,rel_hw<=0.05
r20260612_134238,50,baseline,D_adv_exposure,50,0.1701720855853538,0.0003379000470205941,9.366111452771401e-05,0.0005503905896524732,True,rel_hw<=0.05
r20260612_134238,50,baseline,D_resources,50,0.3811129439329001,0.01631414153677002,0.004522049323075784,0.011865378479173225,True,rel_hw<=0.05
r20260612_134238,50,baseline,MEAN_RESOURCES,50,1.6251894126568696,0.04315161395299919,0.01196101714736143,0.0073597680702383395,True,rel_hw<=0.05
r20260612_134238,50,ce_strong,MEAN_LOCAL_CE_ACTIVATION,50,0.019106337028859978,0.002822466295103514,0.0007823477423197611,0.040947029309596636,True,rel_hw<=0.05
r20260612_134238,50,ce_strong,CEI_SIM,50,0.6415521739203696,0.0016454951305581078,0.00045610797996901585,0.0007109444851255834,True,rel_hw<=0.05
r20260612_134238,50,ce_strong,UNEMPLOYMENT,50,0.09037671739119446,2.4682426958371407e-05,6.84161969953518e-06,7.570113074500502e-05,True,rel_hw<=0.05
r20260612_134238,50,ce_strong,D_adv_exposure,50,0.17469384565303192,0.004460111886595368,0.001236279941066026,0.007076837403427838,True,rel_hw<=0.05
r20260612_134238,50,ce_strong,D_resources,50,0.7728911766484096,0.0026904430621963724,0.0007457527692007392,0.0009648871558278693,True,rel_hw<=0.05
r20260612_134238,50,ce_strong,MEAN_RESOURCES,50,5.247661885940877,0.09367938806987579,0.02596660158015321,0.004948223064774979,True,rel_hw<=0.05
r20260612_134238,55,ce_off,MEAN_LOCAL_CE_ACTIVATION,55,0.0,0.0,0.0,0.0,True,abs_hw<=0.0001
r20260612_134238,55,ce_off,CEI_SIM,55,0.0,0.0,0.0,0.0,True,abs_hw<=0.0001
r20260612_134238,55,ce_off,UNEMPLOYMENT,55,0.09999999999999996,5.602278556055906e-17,1.4806057293336758e-17,1.4806057293336762e-16,True,rel_hw<=0.05
r20260612_134238,55,ce_off,D_adv_exposure,55,0.02997446442042333,0.0003860137669428706,0.00010201816800406613,0.0034035026138633947,True,rel_hw<=0.05
r20260612_134238,55,ce_off,D_resources,55,0.02631023273223934,0.013499895290568465,0.003567837998882416,0.13560647810274032,False,rel_hw<=0.05
r20260612_134238,55,ce_off,MEAN_RESOURCES,55,1.0272397456886342,0.014108821655783251,0.0037287689229802117,0.00362989159894757,True,rel_hw<=0.05
r20260612_134238,55,ce_light,MEAN_LOCAL_CE_ACTIVATION,55,0.024412832699317055,0.010804209340480634,0.0028554050089394383,0.11696328091493118,False,rel_hw<=0.05
r20260612_134238,55,ce_light,CEI_SIM,55,0.5630595069652712,0.0034887695033843542,0.0009220341443842925,0.0016375429825415636,True,rel_hw<=0.05
r20260612_134238,55,ce_light,UNEMPLOYMENT,55,0.09155410739552095,5.233154255076457e-05,1.3830512165764192e-05,0.00015106380870511131,True,rel_hw<=0.05
r20260612_134238,55,ce_light,D_adv_exposure,55,0.17772600513148207,0.008228277419698967,0.0021746213738308142,0.012235808553858085,True,rel_hw<=0.05
r20260612_134238,55,ce_light,D_resources,55,0.15028189639844947,0.018407065644522,0.00486473612134833,0.0323707395097692,True,rel_hw<=0.05
r20260612_134238,55,ce_light,MEAN_RESOURCES,55,1.1780957546440065,0.025610317527378284,0.006768457241402571,0.005745252212922067,True,rel_hw<=0.05
r20260612_134238,55,baseline,MEAN_LOCAL_CE_ACTIVATION,55,0.018779233486516687,0.0006686290411523891,0.00017670952617287712,0.009409837004250089,True,rel_hw<=0.05
r20260612_134238,55,baseline,CEI_SIM,55,0.6186535008127685,0.0014578264160100927,0.00038528361671435996,0.0006227777200131994,True,rel_hw<=0.05
r20260612_134238,55,baseline,UNEMPLOYMENT,55,0.09072019748780848,2.1867396240150557e-05,5.779254250715179e-06,6.370416302821464e-05,True,rel_hw<=0.05
r20260612_134238,55,baseline,D_adv_exposure,55,0.17014200675245666,0.00034472588695711663,9.110634506501082e-05,0.0005354723786558098,True,rel_hw<=0.05
r20260612_134238,55,baseline,D_resources,55,0.38223756718471913,0.01688794876990431,0.00446325427327866,0.01167664995921701,True,rel_hw<=0.05
r20260612_134238,55,baseline,MEAN_RESOURCES,55,1.6283273170775268,0.045147702495911816,0.011931921326803848,0.007327716732173297,True,rel_hw<=0.05
r20260612_134238,55,ce_strong,MEAN_LOCAL_CE_ACTIVATION,55,0.01912916643049955,0.002729221427530713,0.0007212959587405925,0.03770660689064621,True,rel_hw<=0.05
r20260612_134238,55,ce_strong,CEI_SIM,55,0.6415131415597921,0.0016502660151826941,0.0004361427752218625,0.000679865690921644,True,rel_hw<=0.05
r20260612_134238,55,ce_strong,UNEMPLOYMENT,55,0.09037730287660313,2.475399022774051e-05,6.542141628327964e-06,7.23869978423708e-05,True,rel_hw<=0.05
r20260612_134238,55,ce_strong,D_adv_exposure,55,0.17437823630361024,0.004432673073752332,0.0011714949700539889,0.006718126039618253,True,rel_hw<=0.05
r20260612_134238,55,ce_strong,D_resources,55,0.7729195156639268,0.002760331237220675,0.0007295178566709705,0.0009438471171792385,True,rel_hw<=0.05
r20260612_134238,55,ce_strong,MEAN_RESOURCES,55,5.248013584933191,0.09632098091451612,0.025456320097277402,0.004850658193866217,True,rel_hw<=0.05
r20260612_134238,60,ce_off,MEAN_LOCAL_CE_ACTIVATION,60,0.0,0.0,0.0,0.0,True,abs_hw<=0.0001
r20260612_134238,60,ce_off,CEI_SIM,60,0.0,0.0,0.0,0.0,True,abs_hw<=0.0001
r20260612_134238,60,ce_off,UNEMPLOYMENT,60,0.09999999999999999,2.798980403504518e-17,7.08239759956749e-18,7.08239759956749e-17,True,rel_hw<=0.05
r20260612_134238,60,ce_off,D_adv_exposure,60,0.029976824377548762,0.00037595067651795673,9.512864633109794e-05,0.003173406399990282,True,rel_hw<=0.05
r20260612_134238,60,ce_off,D_resources,60,0.02699900336775165,0.013330253866336567,0.0033730196133691854,0.12493126384798384,False,rel_hw<=0.05
r20260612_134238,60,ce_off,MEAN_RESOURCES,60,1.0279635683262751,0.01394758712688919,0.0035292264805982937,0.0034332213605045964,True,rel_hw<=0.05
r20260612_134238,60,ce_light,MEAN_LOCAL_CE_ACTIVATION,60,0.0241318972188351,0.010413618107997112,0.0026350089410610714,0.10919195109966033,False,rel_hw<=0.05
r20260612_134238,60,ce_light,CEI_SIM,60,0.5630131005525782,0.0036518783746376546,0.0009240527229866475,0.0016412632709251723,True,rel_hw<=0.05
r20260612_134238,60,ce_light,UNEMPLOYMENT,60,0.09155480349171133,5.477817561956491e-05,1.3860790844799735e-05,0.00015139337660262234,True,rel_hw<=0.05
r20260612_134238,60,ce_light,D_adv_exposure,60,0.1779612073114824,0.008055273794310973,0.002038265495294485,0.011453425867846269,True,rel_hw<=0.05
r20260612_134238,60,ce_light,D_resources,60,0.15142173582075263,0.01840492413723242,0.004657088358551855,0.03075574542392475,True,rel_hw<=0.05
r20260612_134238,60,ce_light,MEAN_RESOURCES,60,1.1796854220620383,0.025638235836240773,0.006487368747433381,0.005499236174414825,True,rel_hw<=0.05
r20260612_134238,60,baseline,MEAN_LOCAL_CE_ACTIVATION,60,0.01878034553907584,0.0006792072252185601,0.00017186314043048857,0.009151223552990376,True,rel_hw<=0.05
r20260612_134238,60,baseline,CEI_SIM,60,0.6186220755623373,0.0014612543698258778,0.0003697483708086846,0.0005976966962787053,True,rel_hw<=0.05
r20260612_134238,60,baseline,UNEMPLOYMENT,60,0.09072066886656495,2.1918815547387807e-05,5.5462255621301785e-06,6.11351925798492e-05,True,rel_hw<=0.05
r20260612_134238,60,baseline,D_adv_exposure,60,0.17013342858512887,0.00034161773627753,8.64412138203008e-05,0.0005080789503812804,True,rel_hw<=0.05
r20260612_134238,60,baseline,D_resources,60,0.38153091956825025,0.01653841642581238,0.004184796744134549,0.01096843408882868,True,rel_hw<=0.05
r20260612_134238,60,baseline,MEAN_RESOURCES,60,1.6264145108463093,0.044200819613425306,0.011184350499098938,0.0068766912890362315,True,rel_hw<=0.05
r20260612_134238,60,ce_strong,MEAN_LOCAL_CE_ACTIVATION,60,0.019131592287966404,0.002675003354649091,0.0006768692383155202,0.035379660413381524,True,rel_hw<=0.05
r20260612_134238,60,ce_strong,CEI_SIM,60,0.6415750108689822,0.001627507704409417,0.0004118162686867931,0.0006418832743017968,True,rel_hw<=0.05
r20260612_134238,60,ce_strong,UNEMPLOYMENT,60,0.09037637483696528,2.441261556614167e-05,6.177244030302001e-06,6.835020813177623e-05,True,rel_hw<=0.05
r20260612_134238,60,ce_strong,D_adv_exposure,60,0.17440632524809552,0.004267612781994593,0.0010798550245381614,0.006191604708155235,True,rel_hw<=0.05
r20260612_134238,60,ce_strong,D_resources,60,0.7730166924367828,0.0027650979674680425,0.0006996663207375327,0.0009051115293926868,True,rel_hw<=0.05
r20260612_134238,60,ce_strong,MEAN_RESOURCES,60,5.2510998957688075,0.09639932440154549,0.02439239456219835,0.004645197205608881,True,rel_hw<=0.05
r20260612_134238,65,ce_off,MEAN_LOCAL_CE_ACTIVATION,65,0.0,0.0,0.0,0.0,True,abs_hw<=0.0001
r20260612_134238,65,ce_off,CEI_SIM,65,0.0,0.0,0.0,0.0,True,abs_hw<=0.0001
r20260612_134238,65,ce_off,UNEMPLOYMENT,65,0.1,1.3985787785349405e-17,3.400058012914542e-18,3.4000580129145415e-17,True,rel_hw<=0.05
r20260612_134238,65,ce_off,D_adv_exposure,65,0.029992883649893186,0.0003738570095811907,9.088765971712759e-05,0.0030303074815365835,True,rel_hw<=0.05
r20260612_134238,65,ce_off,D_resources,65,0.026641553045564214,0.01367320360325212,0.003324066272630628,0.12476998870694893,False,rel_hw<=0.05
r20260612_134238,65,ce_off,MEAN_RESOURCES,65,1.027595507441759,0.014297480200603998,0.0034758329574737044,0.0033824913911184103,True,rel_hw<=0.05
r20260612_134238,65,ce_light,MEAN_LOCAL_CE_ACTIVATION,65,0.02453916456688828,0.010799977285006087,0.002625561739585812,0.10699474843282122,False,rel_hw<=0.05
r20260612_134238,65,ce_light,CEI_SIM,65,0.5631576027499944,0.0036750619813225313,0.0008934372614063723,0.0015864782026267002,True,rel_hw<=0.05
r20260612_134238,65,ce_light,UNEMPLOYMENT,65,0.09155263595875009,5.512592971983733e-05,1.3401558921095429e-05,0.00014638091826360553,True,rel_hw<=0.05
r20260612_134238,65,ce_light,D_adv_exposure,65,0.17756443843515873,0.00792100251020916,0.0019256597103071245,0.010844850057126265,True,rel_hw<=0.05
r20260612_134238,65,ce_light,D_resources,65,0.1514788414342552,0.019154380746966203,0.004656584723054371,0.030740826104584517,True,rel_hw<=0.05
r20260612_134238,65,ce_light,MEAN_RESOURCES,65,1.1798257061853696,0.02690090528445115,0.006539827428446014,0.005543045378787925,True,rel_hw<=0.05
r20260612_134238,65,baseline,MEAN_LOCAL_CE_ACTIVATION,65,0.01878862052136534,0.0006563719440858183,0.000159569322957915,0.008492870606251372,True,rel_hw<=0.05
r20260612_134238,65,baseline,CEI_SIM,65,0.6187018724121685,0.0015254783470164384,0.000370856111711786,0.0005994100361550677,True,rel_hw<=0.05
r20260612_134238,65,baseline,UNEMPLOYMENT,65,0.09071947191381749,2.288217520524592e-05,5.562841675676631e-06,6.131915848188876e-05,True,rel_hw<=0.05
r20260612_134238,65,baseline,D_adv_exposure,65,0.1701142452249852,0.0003579810527548897,8.702808633817963e-05,0.0005115861180413217,True,rel_hw<=0.05
r20260612_134238,65,baseline,D_resources,65,0.38112412144018315,0.016496510275787083,0.004010434936462586,0.010522647900920166,True,rel_hw<=0.05
r20260612_134238,65,baseline,MEAN_RESOURCES,65,1.6253169404595562,0.0439572527609189,0.010686363311763801,0.006574941198079339,True,rel_hw<=0.05
r20260612_134238,65,ce_strong,MEAN_LOCAL_CE_ACTIVATION,65,0.019067616361209468,0.0026240808620769085,0.0006379352596059281,0.03345647654752078,True,rel_hw<=0.05
r20260612_134238,65,ce_strong,CEI_SIM,65,0.6415781203103605,0.0016032298618983303,0.0003897581331958634,0.0006074991039397036,True,rel_hw<=0.05
r20260612_134238,65,ce_strong,UNEMPLOYMENT,65,0.09037632819534461,2.4048447928475484e-05,5.846371997938079e-06,6.468919588436249e-05,True,rel_hw<=0.05
r20260612_134238,65,ce_strong,D_adv_exposure,65,0.1745023949645284,0.0043378333369578125,0.001054562333017894,0.0060432542099623215,True,rel_hw<=0.05
r20260612_134238,65,ce_strong,D_resources,65,0.7729510674664912,0.0027143032631592673,0.0006598690542875411,0.0008537009418337437,True,rel_hw<=0.05
r20260612_134238,65,ce_strong,MEAN_RESOURCES,65,5.24911495592202,0.09480642474085531,0.023048207870964156,0.004390875045508635,True,rel_hw<=0.05
r20260612_134238,70,ce_off,MEAN_LOCAL_CE_ACTIVATION,70,0.0,0.0,0.0,0.0,True,abs_hw<=0.0001
r20260612_134238,70,ce_off,CEI_SIM,70,0.0,0.0,0.0,0.0,True,abs_hw<=0.0001
r20260612_134238,70,ce_off,UNEMPLOYMENT,70,0.09999999999999998,4.1933969229135525e-17,9.823653226219738e-18,9.82365322621974e-17,True,rel_hw<=0.05
r20260612_134238,70,ce_off,D_adv_exposure,70,0.029985521286099454,0.00036217972478011534,8.484596348049793e-05,0.002829564397795893,True,rel_hw<=0.05
r20260612_134238,70,ce_off,D_resources,70,0.02735303868723495,0.01359270901573477,0.003184293360016894,0.11641461105756166,False,rel_hw<=0.05
r20260612_134238,70,ce_off,MEAN_RESOURCES,70,1.0283473743271971,0.01423482815496332,0.003334719276515093,0.0032427945651116717,True,rel_hw<=0.05
r20260612_134238,70,ce_light,MEAN_LOCAL_CE_ACTIVATION,70,0.024287727829131932,0.010548047884803348,0.002471036406491035,0.1017401225785785,False,rel_hw<=0.05
r20260612_134238,70,ce_light,CEI_SIM,70,0.5632043516558566,0.0036596193619653915,0.0008573200250962426,0.0015222183965299047,True,rel_hw<=0.05
r20260612_134238,70,ce_light,UNEMPLOYMENT,70,0.09155193472516215,5.48942904294801e-05,1.2859800376443458e-05,0.0001404645397724082,True,rel_hw<=0.05
r20260612_134238,70,ce_light,D_adv_exposure,70,0.17769500571255561,0.007994001771086766,0.0018727132854950519,0.010538919076456234,True,rel_hw<=0.05
r20260612_134238,70,ce_light,D_resources,70,0.15176841541642205,0.01857601464012151,0.004351706492476402,0.028673334175204988,True,rel_hw<=0.05
r20260612_134238,70,ce_light,MEAN_RESOURCES,70,1.1801927874150222,0.02607663582586965,0.006108838070157628,0.005176135742650846,True,rel_hw<=0.05
r20260612_134238,70,baseline,MEAN_LOCAL_CE_ACTIVATION,70,0.0187354739697657,0.000685406812768355,0.00016056669500407424,0.008570196583400459,True,rel_hw<=0.05
r20260612_134238,70,baseline,CEI_SIM,70,0.6187168630545705,0.001634320690677073,0.00038286382187957915,0.0006188029529200188,True,rel_hw<=0.05
r20260612_134238,70,baseline,UNEMPLOYMENT,70,0.09071924705418147,2.4514810360155077e-05,5.74295732819345e-06,6.330472876129038e-05,True,rel_hw<=0.05
r20260612_134238,70,baseline,D_adv_exposure,70,0.1701321562588788,0.0003621340069837809,8.483525340974354e-05,0.0004986432622452358,True,rel_hw<=0.05
r20260612_134238,70,baseline,D_resources,70,0.380767938523452,0.01674226054734535,0.0039221224430590635,0.01030055854562843,True,rel_hw<=0.05
r20260612_134238,70,baseline,MEAN_RESOURCES,70,1.6244017889083946,0.04460001624599168,0.010448214217221648,0.00643203811308463,True,rel_hw<=0.05
r20260612_134238,70,ce_strong,MEAN_LOCAL_CE_ACTIVATION,70,0.01908551522841871,0.002559955817199286,0.0005997075565443244,0.03142213083413897,True,rel_hw<=0.05
r20260612_134238,70,ce_strong,CEI_SIM,70,0.6415189954195184,0.0016029820931835457,0.0003755222913726461,0.0005853642589758001,True,rel_hw<=0.05
r20260612_134238,70,ce_strong,UNEMPLOYMENT,70,0.09037721506870723,2.404473139775326e-05,5.632834370589709e-06,6.23258236747777e-05,True,rel_hw<=0.05
r20260612_134238,70,ce_strong,D_adv_exposure,70,0.17463469523273376,0.004308333009980471,0.0010092908029254103,0.0057794403430563406,True,rel_hw<=0.05
r20260612_134238,70,ce_strong,D_resources,70,0.7730597997846629,0.002770099363272054,0.0006489367938976223,0.0008394393216131336,True,rel_hw<=0.05
r20260612_134238,70,ce_strong,MEAN_RESOURCES,70,5.252033025750346,0.09630398254100887,0.02256063392466734,0.0042956001636041035,True,rel_hw<=0.05
r20260612_134238,75,ce_off,MEAN_LOCAL_CE_ACTIVATION,75,0.0,0.0,0.0,0.0,True,abs_hw<=0.0001
r20260612_134238,75,ce_off,CEI_SIM,75,0.0,0.0,0.0,0.0,True,abs_hw<=0.0001
r20260612_134238,75,ce_off,UNEMPLOYMENT,75,0.09999999999999999,2.79424839605701e-17,6.323979449493082e-18,6.323979449493082e-17,True,rel_hw<=0.05
r20260612_134238,75,ce_off,D_adv_exposure,75,0.02997614514696179,0.00035821048860816323,8.107066543359239e-05,0.0027045060342526816,True,rel_hw<=0.05
r20260612_134238,75,ce_off,D_resources,75,0.027410543161601096,0.013627310552858388,0.0030841507150811795,0.11251695002533577,False,rel_hw<=0.05
r20260612_134238,75,ce_off,MEAN_RESOURCES,75,1.0284093411368993,0.014266679913658875,0.0032288536235285255,0.0031396580081225734,True,rel_hw<=0.05
r20260612_134238,75,ce_light,MEAN_LOCAL_CE_ACTIVATION,75,0.023919183888906355,0.010298552604258979,0.0023307818703863174,0.09744403827537473,False,rel_hw<=0.05
r20260612_134238,75,ce_light,CEI_SIM,75,0.563370232542857,0.0036018760070757245,0.0008151812802509469,0.0014469725824374897,True,rel_hw<=0.05
r20260612_134238,75,ce_light,UNEMPLOYMENT,75,0.09154944651185716,5.402814010613506e-05,1.222771920376402e-05,0.00013356409754132517,True,rel_hw<=0.05
r20260612_134238,75,ce_light,D_adv_exposure,75,0.1776485531878304,0.007935154627288879,0.0017958945547696028,0.01010925517007041,True,rel_hw<=0.05
r20260612_134238,75,ce_light,D_resources,75,0.15090203834345,0.018803593304692473,0.004255653785229006,0.028201433406374692,True,rel_hw<=0.05
r20260612_134238,75,ce_light,MEAN_RESOURCES,75,1.179006405882784,0.026346998555414954,0.005962887109656542,0.005057552766383669,True,rel_hw<=0.05
r20260612_134238,75,baseline,MEAN_LOCAL_CE_ACTIVATION,75,0.01875279699759551,0.0006871782611984565,0.00015552308120100162,0.008293327188522484,True,rel_hw<=0.05
r20260612_134238,75,baseline,CEI_SIM,75,0.6187309791914398,0.0015934748531275969,0.00036063730907684595,0.0005828660939979573,True,rel_hw<=0.05
r20260612_134238,75,baseline,UNEMPLOYMENT,75,0.09071903531212841,2.3902122796912866e-05,5.4095596361524434e-06,5.9629818786545544e-05,True,rel_hw<=0.05
r20260612_134238,75,baseline,D_adv_exposure,75,0.17012608191507914,0.000365824051637447,8.279377695805646e-05,0.0004866612810103048,True,rel_hw<=0.05
r20260612_134238,75,baseline,D_resources,75,0.38085468785927395,0.01637204664113639,0.0037053429698945197,0.00972902024843566,True,rel_hw<=0.05
r20260612_134238,75,baseline,MEAN_RESOURCES,75,1.6245957056709341,0.043593302664955494,0.009866093171162937,0.006072952880968244,True,rel_hw<=0.05
r20260612_134238,75,ce_strong,MEAN_LOCAL_CE_ACTIVATION,75,0.018975030633718866,0.002518452371808511,0.0005699794286835189,0.030038393069608982,True,rel_hw<=0.05
r20260612_134238,75,ce_strong,CEI_SIM,75,0.6415256628675318,0.0016014223436885558,0.0003624359955162286,0.0005649594653722649,True,rel_hw<=0.05
r20260612_134238,75,ce_strong,UNEMPLOYMENT,75,0.09037711505698703,2.4021335155328738e-05,5.43653993274352e-06,6.015394416291697e-05,True,rel_hw<=0.05
r20260612_134238,75,ce_strong,D_adv_exposure,75,0.174830947657725,0.0043437928096735435,0.0009830928596038404,0.005623105478604903,True,rel_hw<=0.05
r20260612_134238,75,ce_strong,D_resources,75,0.7730355697232945,0.0027179281658789253,0.0006151250508176392,0.0007957267102700347,True,rel_hw<=0.05
r20260612_134238,75,ce_strong,MEAN_RESOURCES,75,5.2505528003909365,0.09469211437197675,0.021430842947335875,0.00408163554621148,True,rel_hw<=0.05
r20260612_134238,80,ce_off,MEAN_LOCAL_CE_ACTIVATION,80,0.0,0.0,0.0,0.0,True,abs_hw<=0.0001
r20260612_134238,80,ce_off,CEI_SIM,80,0.0,0.0,0.0,0.0,True,abs_hw<=0.0001
r20260612_134238,80,ce_off,UNEMPLOYMENT,80,0.1,1.3965345697270692e-17,3.0602913062213835e-18,3.0602913062213833e-17,True,rel_hw<=0.05
r20260612_134238,80,ce_off,D_adv_exposure,80,0.02997672904771239,0.00035029533073536204,7.676184882905401e-05,0.0025607146365727957,True,rel_hw<=0.05
r20260612_134238,80,ce_off,D_resources,80,0.027357739992045594,0.01361043562394646,0.0029825182073358464,0.1090191736672338,False,rel_hw<=0.05
r20260612_134238,80,ce_off,MEAN_RESOURCES,80,1.0283526376269188,0.014239744249088165,0.003120421540070938,0.0030343886191334024,True,rel_hw<=0.05
r20260612_134238,80,ce_light,MEAN_LOCAL_CE_ACTIVATION,80,0.02423408238542113,0.010606305671648688,0.002324209206250907,0.09590663138329171,False,rel_hw<=0.05
r20260612_134238,80,ce_light,CEI_SIM,80,0.563400825049138,0.0035394345008261745,0.0007756127822840254,0.0013766624892968145,True,rel_hw<=0.05
r20260612_134238,80,ce_light,UNEMPLOYMENT,80,0.09154898762426293,5.3091517512391614e-05,1.1634191734260161e-05,0.0001270815990015032,True,rel_hw<=0.05
r20260612_134238,80,ce_light,D_adv_exposure,80,0.17736404298386468,0.007843822084443874,0.0017188532996545984,0.009691103510822469,True,rel_hw<=0.05
r20260612_134238,80,ce_light,D_resources,80,0.15141132497848217,0.018753205972234666,0.00410947744829723,0.02714114977120271,True,rel_hw<=0.05
r20260612_134238,80,ce_light,MEAN_RESOURCES,80,1.1797171131201565,0.0262636960410182,0.005755286149434662,0.004878530696408126,True,rel_hw<=0.05
r20260612_134238,80,baseline,MEAN_LOCAL_CE_ACTIVATION,80,0.01878032253695116,0.0006950986309776375,0.00015232020341343776,0.008110627659016009,True,rel_hw<=0.05
r20260612_134238,80,baseline,CEI_SIM,80,0.6187611442095916,0.0016219697219803952,0.00035542978646787063,0.0005744216323116059,True,rel_hw<=0.05
r20260612_134238,80,baseline,UNEMPLOYMENT,80,0.09071858283685613,2.432954582970471e-05,5.3314467970177925e-06,5.8769070572956434e-05,True,rel_hw<=0.05
r20260612_134238,80,baseline,D_adv_exposure,80,0.17011431074859087,0.0003574489823484009,7.832946185587638e-05,0.00046045192500963775,True,rel_hw<=0.05
r20260612_134238,80,baseline,D_resources,80,0.38099729873431787,0.016178617685185633,0.0035452959147534257,0.009305304595415724,True,rel_hw<=0.05
r20260612_134238,80,baseline,MEAN_RESOURCES,80,1.6249235353808476,0.043145925356123896,0.009454767760745634,0.005818592416737713,True,rel_hw<=0.05
r20260612_134238,80,ce_strong,MEAN_LOCAL_CE_ACTIVATION,80,0.018912848732051298,0.0024526195000511334,0.0005374539446554765,0.028417397731557065,True,rel_hw<=0.05
r20260612_134238,80,ce_strong,CEI_SIM,80,0.6415376006341063,0.0016161846760667288,0.0003541620823881109,0.0005520519483784759,True,rel_hw<=0.05
r20260612_134238,80,ce_strong,UNEMPLOYMENT,80,0.09037693599048842,2.4242770141000824e-05,5.31243123582164e-06,5.878082917505345e-05,True,rel_hw<=0.05
r20260612_134238,80,ce_strong,D_adv_exposure,80,0.17466488504770025,0.0043416168362506264,0.0009513987370551694,0.005446994894224711,True,rel_hw<=0.05
r20260612_134238,80,ce_strong,D_resources,80,0.7731512833238015,0.002716140061497676,0.0005952004337640877,0.0007698369602457393,True,rel_hw<=0.05
r20260612_134238,80,ce_strong,MEAN_RESOURCES,80,5.253776140354627,0.09386153522693039,0.02056831577751093,0.003914958541823706,True,rel_hw<=0.05
r20260612_134238,85,ce_off,MEAN_LOCAL_CE_ACTIVATION,85,0.0,0.0,0.0,0.0,True,abs_hw<=0.0001
r20260612_134238,85,ce_off,CEI_SIM,85,0.0,0.0,0.0,0.0,True,abs_hw<=0.0001
r20260612_134238,85,ce_off,UNEMPLOYMENT,85,0.09999999999999998,4.1880447868168455e-17,8.903441835098303e-18,8.903441835098306e-17,True,rel_hw<=0.05
r20260612_134238,85,ce_off,D_adv_exposure,85,0.029971945919172124,0.0003596222437310971,7.645275761487206e-05,0.0025508106087288648,True,rel_hw<=0.05
r20260612_134238,85,ce_off,D_resources,85,0.027651725275346033,0.01346398883472384,0.0028623342767422795,0.10351376806474728,False,rel_hw<=0.05
r20260612_134238,85,ce_off,MEAN_RESOURCES,85,1.0286596872725342,0.014092295377288623,0.002995907126152734,0.0029124375760231336,True,rel_hw<=0.05
r20260612_134238,85,ce_light,MEAN_LOCAL_CE_ACTIVATION,85,0.024189107344482014,0.010750524548420628,0.002285473887837997,0.09448359773223942,False,rel_hw<=0.05
r20260612_134238,85,ce_light,CEI_SIM,85,0.5634084596741988,0.003571663771728626,0.0007593066040318912,0.0013477018156081186,True,rel_hw<=0.05
r20260612_134238,85,ce_light,UNEMPLOYMENT,85,0.09154887310488702,5.3574956575928364e-05,1.1389599060478148e-05,0.0001244100410436418,True,rel_hw<=0.05
r20260612_134238,85,ce_light,D_adv_exposure,85,0.17723048422847124,0.008080867546502418,0.0017179265705059967,0.009693177660629671,True,rel_hw<=0.05
r20260612_134238,85,ce_light,D_resources,85,0.1506801484878492,0.01908084059725852,0.0040564311766015295,0.026920806870114274,True,rel_hw<=0.05
r20260612_134238,85,ce_light,MEAN_RESOURCES,85,1.1787141006653064,0.026657747816073427,0.005667219889391989,0.004807968180064375,True,rel_hw<=0.05
r20260612_134238,85,baseline,MEAN_LOCAL_CE_ACTIVATION,85,0.01881223533054388,0.0007071083666615324,0.00015032547487314266,0.007990835338375316,True,rel_hw<=0.05
r20260612_134238,85,baseline,CEI_SIM,85,0.618805783779355,0.0016443963196771942,0.0003495852535336293,0.000564935336251284,True,rel_hw<=0.05
r20260612_134238,85,baseline,UNEMPLOYMENT,85,0.09071791324330969,2.4665944795156978e-05,5.24377880300424e-06,5.780312416292227e-05,True,rel_hw<=0.05
r20260612_134238,85,baseline,D_adv_exposure,85,0.17011949492378023,0.0003541466522280849,7.528869149472722e-05,0.00044256357290773355,True,rel_hw<=0.05
r20260612_134238,85,baseline,D_resources,85,0.38078394050366215,0.016712192682143006,0.0035528759374970605,0.009330424840915504,True,rel_hw<=0.05
r20260612_134238,85,baseline,MEAN_RESOURCES,85,1.6243623858640592,0.044292984172243956,0.009416327387946585,0.005796937598341202,True,rel_hw<=0.05
r20260612_134238,85,ce_strong,MEAN_LOCAL_CE_ACTIVATION,85,0.018830488980645287,0.0024121469470603117,0.0005128027787206338,0.027232578997163193,True,rel_hw<=0.05
r20260612_134238,85,ce_strong,CEI_SIM,85,0.6414783509014402,0.0016412107090446122,0.00034890801868013045,0.0005439123833093135,True,rel_hw<=0.05
r20260612_134238,85,ce_strong,UNEMPLOYMENT,85,0.0903778247364784,2.461816063566909e-05,5.233620280201937e-06,5.790823463014304e-05,True,rel_hw<=0.05
r20260612_134238,85,ce_strong,D_adv_exposure,85,0.17463987961319893,0.0044739816816120334,0.0009511320365750922,0.005446247665090623,True,rel_hw<=0.05
r20260612_134238,85,ce_strong,D_resources,85,0.7732092969805151,0.0026841260870094966,0.0005706233268800089,0.0007379933597647735,True,rel_hw<=0.05
r20260612_134238,85,ce_strong,MEAN_RESOURCES,85,5.255924362499125,0.09243448449721772,0.01965081793940866,0.003738793898865193,True,rel_hw<=0.05
r20260612_134238,90,ce_off,MEAN_LOCAL_CE_ACTIVATION,90,0.0,0.0,0.0,0.0,True,abs_hw<=0.0001
r20260612_134238,90,ce_off,CEI_SIM,90,0.0,0.0,0.0,0.0,True,abs_hw<=0.0001
r20260612_134238,90,ce_off,UNEMPLOYMENT,90,0.1,1.3955535126550046e-17,2.8832434284704412e-18,2.883243428470441e-17,True,rel_hw<=0.05
r20260612_134238,90,ce_off,D_adv_exposure,90,0.029963521381609664,0.00036103859200091297,7.459134589761803e-05,0.0024894051986626324,True,rel_hw<=0.05
r20260612_134238,90,ce_off,D_resources,90,0.027619182839770145,0.013288640147202333,0.0027454614982722857,0.09940415377963203,False,rel_hw<=0.05
r20260612_134238,90,ce_off,MEAN_RESOURCES,90,1.0286199416477901,0.013906571941200624,0.002873127529573299,0.0027931866895081906,True,rel_hw<=0.05
r20260612_134238,90,ce_light,MEAN_LOCAL_CE_ACTIVATION,90,0.024145224673473152,0.010871149655782064,0.0022460027881926834,0.09302057937196277,False,rel_hw<=0.05
r20260612_134238,90,ce_light,CEI_SIM,90,0.5634070792596836,0.0035316586265553467,0.000729648231635665,0.0012950640105453097,True,rel_hw<=0.05
r20260612_134238,90,ce_light,UNEMPLOYMENT,90,0.09154889381110477,5.297487939832936e-05,1.0944723474534801e-05,0.00011955058132234056,True,rel_hw<=0.05
r20260612_134238,90,ce_light,D_adv_exposure,90,0.1773388179960708,0.008208115120671296,0.0016958141531083558,0.009562566009354642,True,rel_hw<=0.05
r20260612_134238,90,ce_light,D_resources,90,0.1502623746646425,0.01868203958929668,0.0038597493673881234,0.025686732131063157,True,rel_hw<=0.05
r20260612_134238,90,ce_light,MEAN_RESOURCES,90,1.1781106726147486,0.026104467153547695,0.005393238789603857,0.004577871090526559,True,rel_hw<=0.05
r20260612_134238,90,baseline,MEAN_LOCAL_CE_ACTIVATION,90,0.018790560214350722,0.0007129189939280036,0.00014729059012320514,0.007838541716851869,True,rel_hw<=0.05
r20260612_134238,90,baseline,CEI_SIM,90,0.6188334753257742,0.0016085347263880203,0.00033232671748297703,0.0005370212354915502,True,rel_hw<=0.05
r20260612_134238,90,baseline,UNEMPLOYMENT,90,0.0907174978701134,2.4128020895819458e-05,4.98490076224448e-06,5.494971619898194e-05,True,rel_hw<=0.05
r20260612_134238,90,baseline,D_adv_exposure,90,0.17012445819771896,0.00034667435926714934,7.162366466869461e-05,0.0004210074519999556,True,rel_hw<=0.05
r20260612_134238,90,baseline,D_resources,90,0.3807992279509527,0.016672342261464405,0.003444541597772523,0.00904555824944105,True,rel_hw<=0.05
r20260612_134238,90,baseline,MEAN_RESOURCES,90,1.624348350975268,0.044222960689707554,0.009136558336163685,0.005624753046769828,True,rel_hw<=0.05
r20260612_134238,90,ce_strong,MEAN_LOCAL_CE_ACTIVATION,90,0.018761488892490873,0.002389340456352315,0.0004936428525804172,0.026311496673272747,True,rel_hw<=0.05
r20260612_134238,90,ce_strong,CEI_SIM,90,0.6414683166788093,0.0016310115621087267,0.00033697047985374015,0.0005253111823174662,True,rel_hw<=0.05
r20260612_134238,90,ce_strong,UNEMPLOYMENT,90,0.09037797524981786,2.4465173431631036e-05,5.05455719780613e-06,5.59268691717711e-05,True,rel_hw<=0.05
r20260612_134238,90,ce_strong,D_adv_exposure,90,0.17455689838415336,0.004435108043474466,0.0009163028149724098,0.005249307380312583,True,rel_hw<=0.05
r20260612_134238,90,ce_strong,D_resources,90,0.77319000302327,0.0026492771039270755,0.000547346320354486,0.0007079066183141183,True,rel_hw<=0.05
r20260612_134238,90,ce_strong,MEAN_RESOURCES,90,5.256436322082945,0.09102168066891857,0.01880527405485968,0.003577570982046596,True,rel_hw<=0.05
r20260612_134238,95,ce_off,MEAN_LOCAL_CE_ACTIVATION,95,0.0,0.0,0.0,0.0,True,abs_hw<=0.0001
r20260612_134238,95,ce_off,CEI_SIM,95,0.0,0.0,0.0,0.0,True,abs_hw<=0.0001
r20260612_134238,95,ce_off,UNEMPLOYMENT,95,0.09999999999999998,4.1854231622802476e-17,8.416540975278033e-18,8.416540975278034e-17,True,rel_hw<=0.05
r20260612_134238,95,ce_off,D_adv_exposure,95,0.02994851422710906,0.00035923247893443347,7.223869036351253e-05,0.0024120959662874654,True,rel_hw<=0.05
r20260612_134238,95,ce_off,D_resources,95,0.027769127119560456,0.013453383490111754,0.0027053645237382776,0.09742346282943226,False,rel_hw<=0.05
r20260612_134238,95,ce_off,MEAN_RESOURCES,95,1.028783359819987,0.014079666355365646,0.0028313048454966195,0.002752090436213929,True,rel_hw<=0.05
r20260612_134238,95,ce_light,MEAN_LOCAL_CE_ACTIVATION,95,0.023966217200173192,0.010699833950973825,0.002151648408902562,0.08977839059586813,False,rel_hw<=0.05
r20260612_134238,95,ce_light,CEI_SIM,95,0.5634569759212061,0.0035129178060570774,0.0007064188138471309,0.0012537227224708573,True,rel_hw<=0.05
r20260612_134238,95,ce_light,UNEMPLOYMENT,95,0.09154814536118194,5.269376709085581e-05,1.0596282207706895e-05,0.00011574546011720636,True,rel_hw<=0.05
r20260612_134238,95,ce_light,D_adv_exposure,95,0.17722786696760026,0.008316063113077114,0.0016722917428038347,0.009435828413539238,True,rel_hw<=0.05
r20260612_134238,95,ce_light,D_resources,95,0.14970178315648008,0.01864224189647653,0.003748801177543482,0.025041793748207662,True,rel_hw<=0.05
r20260612_134238,95,ce_light,MEAN_RESOURCES,95,1.1773297755473453,0.026021160339231096,0.0052326408520208265,0.0044444988657389144,True,rel_hw<=0.05
r20260612_134238,95,baseline,MEAN_LOCAL_CE_ACTIVATION,95,0.018775094097071787,0.0007137048568903229,0.00014352016365771085,0.0076441781285183875,True,rel_hw<=0.05
r20260612_134238,95,baseline,CEI_SIM,95,0.6188858366853004,0.001612012522389647,0.0003241624304473447,0.0005237838890990477,True,rel_hw<=0.05
r20260612_134238,95,baseline,UNEMPLOYMENT,95,0.09071671244972049,2.4180187835843914e-05,4.862436456710011e-06,5.360022784561339e-05,True,rel_hw<=0.05
r20260612_134238,95,baseline,D_adv_exposure,95,0.17012171183589053,0.000342327082668132,6.88391545253938e-05,0.0004046464956324924,True,rel_hw<=0.05
r20260612_134238,95,baseline,D_resources,95,0.3809573777369759,0.01674437019641741,0.0033671548228015246,0.008838665476971827,True,rel_hw<=0.05
r20260612_134238,95,baseline,MEAN_RESOURCES,95,1.6247524134556905,0.044436760296947445,0.008935866203887168,0.005499832546721041,True,rel_hw<=0.05
r20260612_134238,95,ce_strong,MEAN_LOCAL_CE_ACTIVATION,95,0.01878085397541974,0.002501513155173011,0.0005030336755540931,0.026784387771315418,True,rel_hw<=0.05
r20260612_134238,95,ce_strong,CEI_SIM,95,0.6415096951666586,0.0016247928231888811,0.0003267324435901622,0.0005093180135107389,True,rel_hw<=0.05
r20260612_134238,95,ce_strong,UNEMPLOYMENT,95,0.09037735457250011,2.4371892347833274e-05,4.900986653852445e-06,5.4228038395623835e-05,True,rel_hw<=0.05
r20260612_134238,95,ce_strong,D_adv_exposure,95,0.17462082064664913,0.0045867943648382455,0.0009223665378628821,0.0052821108871623085,True,rel_hw<=0.05
r20260612_134238,95,ce_strong,D_resources,95,0.7732093736193019,0.0026936570699832227,0.0005416722329818067,0.0007005505254628547,True,rel_hw<=0.05
r20260612_134238,95,ce_strong,MEAN_RESOURCES,95,5.257129109289608,0.09306866783206628,0.018715341936808377,0.003559992830257381,True,rel_hw<=0.05
r20260612_134238,100,ce_off,MEAN_LOCAL_CE_ACTIVATION,100,0.0,0.0,0.0,0.0,True,abs_hw<=0.0001
r20260612_134238,100,ce_off,CEI_SIM,100,0.0,0.0,0.0,0.0,True,abs_hw<=0.0001
r20260612_134238,100,ce_off,UNEMPLOYMENT,100,0.1,1.3947701538996772e-17,2.733749501643367e-18,2.733749501643367e-17,True,rel_hw<=0.05
r20260612_134238,100,ce_off,D_adv_exposure,100,0.029933791797661473,0.00035762561732437145,7.00946209955768e-05,0.0023416552593598524,True,rel_hw<=0.05
r20260612_134238,100,ce_off,D_resources,100,0.027829662983574508,0.013283817063519736,0.002603628144449868,0.09355586325233507,False,rel_hw<=0.05
r20260612_134238,100,ce_off,MEAN_RESOURCES,100,1.0288425315833938,0.013902789158660592,0.002724946675097476,0.002648555625809685,True,rel_hw<=0.05
r20260612_134238,100,ce_light,MEAN_LOCAL_CE_ACTIVATION,100,0.023672897244003586,0.010506307337944701,0.002059236238237161,0.08698708134505048,False,rel_hw<=0.05
r20260612_134238,100,ce_light,CEI_SIM,100,0.5635050255090303,0.0034782300356791702,0.0006817330869931174,0.001209808353310227,True,rel_hw<=0.05
r20260612_134238,100,ce_light,UNEMPLOYMENT,100,0.09154742461736458,5.2173450535187604e-05,1.0225996304896771e-05,0.00011170162730014275,True,rel_hw<=0.05
r20260612_134238,100,ce_light,D_adv_exposure,100,0.17737124907738322,0.008462720086424977,0.0016586931369392953,0.00935153327028578,True,rel_hw<=0.05
r20260612_134238,100,ce_light,D_resources,100,0.14940199817052585,0.018756010727657858,0.0036761781026209404,0.024605950038399018,True,rel_hw<=0.05
r20260612_134238,100,ce_light,MEAN_RESOURCES,100,1.1769246464078393,0.026156870240327344,0.005126746567104159,0.004356053365652425,True,rel_hw<=0.05
r20260612_134238,100,baseline,MEAN_LOCAL_CE_ACTIVATION,100,0.01882373414805425,0.000748861607454473,0.0001467768750610767,0.007797436677899988,True,rel_hw<=0.05
r20260612_134238,100,baseline,CEI_SIM,100,0.618964728801878,0.00162609415407301,0.00031871445419831,0.0005149153729894131,True,rel_hw<=0.05
r20260612_134238,100,baseline,UNEMPLOYMENT,100,0.09071552906797184,2.439141231109435e-05,4.780716812974492e-06,5.270009293990194e-05,True,rel_hw<=0.05
r20260612_134238,100,baseline,D_adv_exposure,100,0.17011971537370027,0.00034431836653378697,6.748639984062224e-05,0.0003966994636240458,True,rel_hw<=0.05
r20260612_134238,100,baseline,D_resources,100,0.38089463854225997,0.01656692994190051,0.0032471182686124997,0.008524977618586864,True,rel_hw<=0.05
r20260612_134238,100,baseline,MEAN_RESOURCES,100,1.6245503239413426,0.04398488046162419,0.00862103657047834,0.00530672176997431,True,rel_hw<=0.05
r20260612_134238,100,ce_strong,MEAN_LOCAL_CE_ACTIVATION,100,0.01880284489413538,0.002451037451903522,0.0004804033405730903,0.025549502922450232,True,rel_hw<=0.05
r20260612_134238,100,ce_strong,CEI_SIM,100,0.6415552173437423,0.001614118817641906,0.0003163672882578135,0.0004931255793814321,True,rel_hw<=0.05
r20260612_134238,100,ce_strong,UNEMPLOYMENT,100,0.09037667173984387,2.4211782264628653e-05,4.745509323867216e-06,5.25081222013522e-05,True,rel_hw<=0.05
r20260612_134238,100,ce_strong,D_adv_exposure,100,0.1745172873054351,0.004498103535038045,0.0008816282928674568,0.005051810662885543,True,rel_hw<=0.05
r20260612_134238,100,ce_strong,D_resources,100,0.7731727535422067,0.0027220255859777016,0.0005335170148516295,0.0006900359750228904,True,rel_hw<=0.05
r20260612_134238,100,ce_strong,MEAN_RESOURCES,100,5.255503173676024,0.09340646701042925,0.018307667534044135,0.0034835232572485767,True,rel_hw<=0.05
