metric,scenario,scenario_label,n_runs,last_window,last_mean,last_sd,last_ci95_low,last_ci95_high,last_median,last_min,last_max,delta_convention,delta_mean,delta_sd,delta_ci95_low,delta_ci95_high,delta_median,delta_min,delta_max
MEAN_LOCAL_CE_ACTIVATION,ce_off,Linear reference,100,24,0.0,0.0,0.0,0.0,0.0,0.0,0.0,final_minus_initial,0.0,0.0,0.0,0.0,0.0,0.0,0.0
MEAN_LOCAL_CE_ACTIVATION,ce_light,Light CE,100,24,0.023672897244003534,0.010506307337944701,0.021613661005766373,0.025732133482240696,0.0184510922587416,0.01568221322664569,0.04903440616962387,final_minus_initial,0.024339575781346257,0.011328651437711751,0.022119160099554756,0.02655999146313776,0.018364968685437952,0.0155736560989255,0.0507724721466968
MEAN_LOCAL_CE_ACTIVATION,baseline,Baseline CE,100,24,0.0188237341480542,0.0007488616074544724,0.018676957272993122,0.018970511023115276,0.018849684630652015,0.017204429322042896,0.02119840136866197,final_minus_initial,0.018810695838070844,0.000785682934905795,0.01865670198282931,0.01896468969331238,0.0188026881059747,0.0170918468337121,0.0209785027790402
MEAN_LOCAL_CE_ACTIVATION,ce_strong,Targeted CE expansion,100,24,0.018802844894135334,0.0024510374519035234,0.018322441553562243,0.019283248234708426,0.018369709582227577,0.015707284659768433,0.03080100731597395,final_minus_initial,0.019065872495387395,0.002626681148855132,0.01855104299021179,0.019580702000563,0.01856066996021445,0.0157796616891395,0.0305718927856319
CEI_SIM,ce_off,Linear reference,100,24,0.0,0.0,0.0,0.0,0.0,0.0,0.0,final_minus_initial,0.0,0.0,0.0,0.0,0.0,0.0,0.0
CEI_SIM,ce_light,Light CE,100,24,0.5635050255090303,0.0034782300356791702,0.5628232924220371,0.5641867585960234,0.563851315100472,0.5557981026877817,0.569661242011341,final_minus_initial,0.2702772522806555,0.0067409900325010865,0.26895601823428533,0.2715984863270257,0.2702791375809712,0.25508705164728773,0.28801136857865883
CEI_SIM,baseline,Baseline CE,100,24,0.618964728801878,0.00162609415407301,0.6186460143476797,0.6192834432560763,0.6190382934141894,0.6151843962086768,0.6234553182322193,final_minus_initial,0.31362955487529337,0.006059173346319615,0.31244195689941473,0.314817152851172,0.312915049708713,0.2987060964894478,0.3302528207444185
CEI_SIM,ce_strong,Targeted CE expansion,100,24,0.6415552173437423,0.001614118817641906,0.6412388500554845,0.6418715846320001,0.6416160988132029,0.6384451389683158,0.6448768912451132,final_minus_initial,0.29385217502773403,0.007417586588402178,0.2923983280564072,0.29530602199906086,0.2936952646890917,0.27787243467988026,0.31199725717837773
CE_MATERIAL_FLOW_NORM,ce_off,Linear reference,100,24,0.0,0.0,0.0,0.0,0.0,0.0,0.0,final_minus_initial,0.0,0.0,0.0,0.0,0.0,0.0,0.0
CE_MATERIAL_FLOW_NORM,ce_light,Light CE,100,24,0.42623476473727245,0.004387830981334874,0.42537474986493085,0.42709477960961406,0.42638840448412163,0.4168039254529554,0.43692710545128727,final_minus_initial,0.2119620871344258,0.009003282775582573,0.2101974437104116,0.21372673055844,0.2116450415509974,0.18907609244195028,0.2397367455303157
CE_MATERIAL_FLOW_NORM,baseline,Baseline CE,100,24,0.44691704800313015,0.0026424816843781296,0.44639912159299205,0.44743497441326824,0.4470995175182847,0.4409900872154766,0.4538075357897499,final_minus_initial,0.22854425812548892,0.008195253861354288,0.2269379883686635,0.23015052788231435,0.22804818846282238,0.20771117101041867,0.2505150674995699
CE_MATERIAL_FLOW_NORM,ce_strong,Targeted CE expansion,100,24,0.4602547372395707,0.0026033023845579957,0.45974448997219736,0.4607649845069441,0.46042845790888765,0.4547611990568175,0.46656771541128617,final_minus_initial,0.2076036250462233,0.008450421137430466,0.20594734250328692,0.20925990758915966,0.20792499300192335,0.1881538579223923,0.22432876196396287
CE_REPAIR_VISIT_NORM,ce_off,Linear reference,100,24,0.0,0.0,0.0,0.0,0.0,0.0,0.0,final_minus_initial,0.0,0.0,0.0,0.0,0.0,0.0,0.0
CE_REPAIR_VISIT_NORM,ce_light,Light CE,100,24,0.7694104166666668,0.004830262189339297,0.7684636852775563,0.7703571480557773,0.7693333333333334,0.7591979166666668,0.7800416666666666,final_minus_initial,0.35775,0.011075384481549239,0.35557922464161634,0.3599207753583837,0.35625,0.33299999999999996,0.3995
CE_REPAIR_VISIT_NORM,baseline,Baseline CE,100,24,0.8770362499999999,0.0010703341438884925,0.8768264645077977,0.877246035492202,0.8770468749999999,0.8743229166666667,0.8795729166666666,final_minus_initial,0.4412575,0.008797271658665746,0.4395332347549015,0.4429817652450985,0.439875,0.42174999999999996,0.46299999999999997
CE_REPAIR_VISIT_NORM,ce_strong,Targeted CE expansion,100,24,0.9135059375,0.001625015010479533,0.913187434557946,0.9138244404420539,0.913484375,0.9103333333333333,0.9183125,final_minus_initial,0.42322499999999996,0.01059221769779944,0.42114892533123127,0.42530107466876865,0.42324999999999996,0.39925,0.44949999999999996
TRADES_COUNT_M,ce_off,Linear reference,100,24,0.0,0.0,0.0,0.0,0.0,0.0,0.0,final_minus_initial,0.0,0.0,0.0,0.0,0.0,0.0,0.0
TRADES_COUNT_M,ce_light,Light CE,100,24,3577.7970833333325,51.20182909540095,3567.761524830634,3587.832641836031,3576.0,3448.5833333333335,3683.9583333333335,final_minus_initial,1565.22,59.574175816728044,1553.5434615399213,1576.8965384600788,1567.0,1432.0,1721.0
TRADES_COUNT_M,baseline,Baseline CE,100,24,3886.2470833333327,4.620833940547602,3885.3413998809856,3887.15276678568,3885.958333333333,3874.0416666666665,3894.6666666666665,final_minus_initial,1820.54,38.99324468819095,1812.8973240411146,1828.1826759588853,1820.5,1730.0,1914.0
TRADES_COUNT_M,ce_strong,Targeted CE expansion,100,24,3995.7920833333333,13.118173355583806,3993.220921355639,3998.3632453110276,3997.604166666667,3956.25,4024.625,final_minus_initial,1721.39,42.21252028352334,1713.1163460244295,1729.6636539755707,1716.5,1600.0,1807.0
TRADES_MASS_M,ce_off,Linear reference,100,24,0.0,0.0,0.0,0.0,0.0,0.0,0.0,final_minus_initial,0.0,0.0,0.0,0.0,0.0,0.0,0.0
TRADES_MASS_M,ce_light,Light CE,100,24,5114.817176847697,52.65397177602289,5104.496998379596,5125.137355315797,5116.660853809886,5001.647105435882,5243.125265415884,final_minus_initial,2543.545045613322,108.03939330699983,2522.36932452515,2564.720766701494,2539.7404986121796,2268.913109303592,2876.840946364028
TRADES_MASS_M,baseline,Baseline CE,100,24,5363.004576038008,31.709780212540107,5356.78945911635,5369.219692959666,5365.1942102198645,5291.881046586161,5445.690429477452,final_minus_initial,2742.5310975060966,98.34304633625962,2723.2558604241894,2761.8063345880037,2736.5782615540966,2492.534052125232,3006.1808099950904
TRADES_MASS_M,ce_strong,Targeted CE expansion,100,24,5523.056846875307,31.239628614698574,5516.933879666826,5529.179814083788,5525.141494907113,5457.134388682266,5598.812584935901,final_minus_initial,2491.243500554887,101.405053649174,2471.368110039649,2511.118891070125,2495.0999160232886,2257.846295068896,2691.9451435677784
REPAIRS_COUNT_M,ce_off,Linear reference,100,24,0.0,0.0,0.0,0.0,0.0,0.0,0.0,final_minus_initial,0.0,0.0,0.0,0.0,0.0,0.0,0.0
REPAIRS_COUNT_M,ce_light,Light CE,100,24,3077.641666666667,19.321048757357232,3073.854741110225,3081.428592223109,3077.3333333333335,3036.7916666666665,3120.1666666666665,final_minus_initial,1431.0,44.3015379261969,1422.3168985664654,1439.6831014335346,1425.0,1332.0,1598.0
REPAIRS_COUNT_M,baseline,Baseline CE,100,24,3508.1450000000004,4.281336575553969,3507.3058580311917,3508.984141968809,3508.1875,3497.2916666666665,3518.2916666666665,final_minus_initial,1765.03,35.189086634663,1758.132939019606,1771.927060980394,1759.5,1687.0,1852.0
REPAIRS_COUNT_M,ce_strong,Targeted CE expansion,100,24,3654.0237499999994,6.50006004191815,3652.7497382317833,3655.2977617682154,3653.9375,3641.3333333333335,3673.25,final_minus_initial,1692.9,42.36887079119778,1684.5957013249254,1701.2042986750748,1693.0,1597.0,1798.0
SORT_DROPOFF_COUNT_M,ce_off,Linear reference,100,24,0.0,0.0,0.0,0.0,0.0,0.0,0.0,final_minus_initial,0.0,0.0,0.0,0.0,0.0,0.0,0.0
SORT_DROPOFF_COUNT_M,ce_light,Light CE,100,24,3268.357916666667,51.25949314469368,3258.311056010307,3278.404777323027,3265.6458333333335,3139.9166666666665,3373.5833333333335,final_minus_initial,1257.27,59.70514334137504,1245.5677919050904,1268.9722080949095,1257.5,1125.0,1412.0
SORT_DROPOFF_COUNT_M,baseline,Baseline CE,100,24,3569.06875,4.206086154531087,3568.244357113712,3569.893142886288,3569.229166666667,3558.2916666666665,3578.125,final_minus_initial,1492.35,33.95760131205805,1485.6943101428365,1499.0056898571634,1490.5,1413.0,1559.0
SORT_DROPOFF_COUNT_M,ce_strong,Targeted CE expansion,100,24,3674.7283333333326,12.933407311739558,3672.1933855002317,3677.2632811664334,3676.25,3635.2916666666665,3703.75,final_minus_initial,1396.62,38.88672490371712,1388.9982019188712,1404.2417980811285,1392.0,1298.0,1489.0
BULKY_DROPOFF_COUNT_M,ce_off,Linear reference,100,24,0.0,0.0,0.0,0.0,0.0,0.0,0.0,final_minus_initial,0.0,0.0,0.0,0.0,0.0,0.0,0.0
BULKY_DROPOFF_COUNT_M,ce_light,Light CE,100,24,309.4391666666667,1.4890101997164795,309.1473206675223,309.73101266581114,309.45833333333337,305.7083333333333,314.4166666666667,final_minus_initial,307.95,15.142671661582874,304.98203635432975,310.9179636456702,308.5,270.0,339.0
BULKY_DROPOFF_COUNT_M,baseline,Baseline CE,100,24,317.17833333333334,1.4942731117287307,316.8854558034345,317.47121086323216,317.1666666666667,313.7916666666667,321.25,final_minus_initial,328.19,18.089393622124586,324.6444788500636,331.7355211499364,330.0,287.0,378.0
BULKY_DROPOFF_COUNT_M,ce_strong,Targeted CE expansion,100,24,321.06375,1.417031234037531,320.78601187812865,321.3414881218714,321.2708333333333,317.7916666666667,323.875,final_minus_initial,324.77,16.4291284804235,321.54989081783697,327.990109182163,326.5,283.0,360.0
SORT_DROPOFF_MASS_M,ce_off,Linear reference,100,24,0.0,0.0,0.0,0.0,0.0,0.0,0.0,final_minus_initial,0.0,0.0,0.0,0.0,0.0,0.0,0.0
SORT_DROPOFF_MASS_M,ce_light,Light CE,100,24,3798.7169891901785,51.664343233416986,3788.590777916429,3808.843200463928,3797.8417419667103,3689.8525776829324,3922.195967766877,final_minus_initial,1235.3283416975337,91.19885629981479,1217.45336586277,1253.2033175322974,1233.7185019313692,1027.1127198236372,1463.7156500022656
SORT_DROPOFF_MASS_M,baseline,Baseline CE,100,24,4040.1166262143593,28.35966167001694,4034.558132527036,4045.6751199016826,4041.0245987201843,3975.612429286259,4114.972387686388,final_minus_initial,1374.5231421184594,68.41644066423999,1361.1135197482683,1387.9327644886505,1382.482183369238,1222.9709291191289,1522.548575601204
SORT_DROPOFF_MASS_M,ce_strong,Targeted CE expansion,100,24,4191.453781850095,29.77408182834524,4185.61806181174,4197.28950188845,4192.344447557081,4117.4434557100185,4256.902216139441,final_minus_initial,1146.0724204659646,75.22790417055683,1131.3277512485354,1160.8170896833938,1147.446390302047,952.4881777893929,1327.7892298400625
BULKY_DROPOFF_MASS_M,ce_off,Linear reference,100,24,0.0,0.0,0.0,0.0,0.0,0.0,0.0,final_minus_initial,0.0,0.0,0.0,0.0,0.0,0.0,0.0
BULKY_DROPOFF_MASS_M,ce_light,Light CE,100,24,1316.1001876575133,6.014421799223537,1314.9213609848655,1317.279014330161,1316.809867349149,1299.7966113557986,1335.3010580275525,final_minus_initial,1308.2167039157832,64.42790124049806,1295.5888352726456,1320.8445725589208,1309.4115226822132,1147.2739516533084,1440.033839858832
BULKY_DROPOFF_MASS_M,baseline,Baseline CE,100,24,1322.887949823645,6.242100184572891,1321.6644981874686,1324.1114014598213,1322.65495609469,1309.6410879441435,1340.861414678884,final_minus_initial,1368.0079553876321,75.92168633168792,1353.1273048666212,1382.888605908643,1374.00927600307,1195.8448206000069,1576.7916407505934
BULKY_DROPOFF_MASS_M,ce_strong,Targeted CE expansion,100,24,1331.6030650252108,5.797083143534953,1330.4668367290778,1332.7392933213437,1332.572840598723,1317.2560935968188,1343.2998434999686,final_minus_initial,1345.1710800889196,67.6865109978975,1331.9045239333316,1358.4376362445075,1356.5307397822592,1173.248150016204,1489.623799042705
UNEMPLOYMENT,ce_off,Linear reference,100,24,0.1,1.3947701538996772e-17,0.1,0.1,0.10000000000000002,0.10000000000000002,0.10000000000000002,final_minus_initial,0.0,0.0,0.0,0.0,0.0,0.0,0.0
UNEMPLOYMENT,ce_light,Light CE,100,24,0.09154742461736454,5.217345053518751e-05,0.09153719862105963,0.09155765061366944,0.09154223027349287,0.09145508136982987,0.09166302845968326,final_minus_initial,-0.004054158784209829,0.00010111485048752057,-0.004073977294905383,-0.0040343402735142754,-0.004054187063714555,-0.00432017052867989,-0.003826305774709396
UNEMPLOYMENT,baseline,Baseline CE,100,24,0.0907155290679718,2.4391412311095677e-05,0.09071074835115882,0.09072030978478478,0.09071442559878712,0.09064817022651668,0.09077223405686981,final_minus_initial,-0.004704443323129403,9.08876001947977e-05,-0.004722257292767583,-0.004686629353491222,-0.004693725745630699,-0.0049537923111663,-0.0044805914473418085
UNEMPLOYMENT,ce_strong,Targeted CE expansion,100,24,0.09037667173984383,2.421178226462927e-05,0.09037192623051997,0.09038141724916769,0.09037575851780194,0.09032684663132325,0.09042332291547522,final_minus_initial,-0.004407782625416012,0.00011126379882603365,-0.004429590329985915,-0.004385974920846109,-0.004405428970336349,-0.004679958857675692,-0.004168086520198205
D_adv_exposure,ce_off,Linear reference,100,24,0.029933791797661428,0.000357625617324372,0.02986369717666585,0.030003886418657005,0.029903912705659987,0.02900138349180198,0.030932581595642633,final_minus_initial,0.0004492829271987629,0.0004034141215005964,0.000370213759384646,0.0005283520950128798,0.0003981756017478501,-0.0004240163150296024,0.0014804452761226009
D_adv_exposure,ce_light,Light CE,100,24,0.17737124907738316,0.008462720086424978,0.17571255594044388,0.17902994221432245,0.17518899767788934,0.1627873116641756,0.1949219494173,final_minus_initial,0.04639299476313167,0.008894219747118572,0.04464972769269643,0.04813626183356691,0.04654091191862565,0.028658600749867202,0.066832288467111
D_adv_exposure,baseline,Baseline CE,100,24,0.17011971537370024,0.0003443183665337829,0.17005222897385963,0.17018720177354085,0.17009709311089188,0.16917251992738458,0.1709918045004933,final_minus_initial,0.03174246931271452,0.0005332106681034259,0.031637960021766255,0.03184697860366279,0.03172505505666595,0.03073541485330039,0.033278817444062
D_adv_exposure,ce_strong,Targeted CE expansion,100,24,0.17451728730543503,0.0044981035350380415,0.17363565901256758,0.17539891559830248,0.17356068908225372,0.16290624508596416,0.18751014286820647,final_minus_initial,0.03246965103996785,0.006832396919279794,0.03113050124378901,0.033808800836146694,0.030531388949989538,0.018486592331364987,0.053003175346808706
D_adv_cell,ce_off,Linear reference,100,24,0.027136434811012595,0.0,0.027136434811012595,0.027136434811012595,0.027136434811012595,0.027136434811012595,0.027136434811012595,final_minus_initial,0.0,0.0,0.0,0.0,0.0,0.0,0.0
D_adv_cell,ce_light,Light CE,100,24,0.16697705972407026,0.0015961426072023943,0.1666642157730586,0.16728990367508192,0.1668497161636452,0.1623142589409666,0.1704167913385537,final_minus_initial,0.0,0.0,0.0,0.0,0.0,0.0,0.0
D_adv_cell,baseline,Baseline CE,100,24,0.17154415530141726,5.579080615598709e-17,0.17154415530141726,0.17154415530141726,0.1715441553014172,0.1715441553014172,0.1715441553014172,final_minus_initial,0.0,0.0,0.0,0.0,0.0,0.0,0.0
D_adv_cell,ce_strong,Targeted CE expansion,100,24,0.17589804424058492,0.0021289537824784647,0.17548076929921913,0.1763153191819507,0.1755486087949696,0.1715547980559595,0.183064830062861,final_minus_initial,0.0,0.0,0.0,0.0,0.0,0.0,0.0
MEAN_ADV_EXPOSURE,ce_off,Linear reference,100,24,0.9258162288211434,0.0004478551689555509,0.9257284492080282,0.9259040084342587,0.9258861397585978,0.9246437948771088,0.9271619575354922,final_minus_initial,0.02214997281969696,0.0004791025286260173,0.02205606872408626,0.02224387691530766,0.022156726603619392,0.02087036811487475,0.02346253171761259
MEAN_ADV_EXPOSURE,ce_light,Light CE,100,24,0.6049175385392277,0.027155854931534308,0.599594990972647,0.6102400861058084,0.6067068029039995,0.5435798816255307,0.6723858672076771,final_minus_initial,0.14436907231654758,0.025659114434993104,0.13933988588728893,0.14939825874580623,0.1438221653953797,0.08137238621661774,0.1982500739979503
MEAN_ADV_EXPOSURE,baseline,Baseline CE,100,24,0.6157971307406138,0.0009545224797047379,0.6156100443345917,0.615984217146636,0.6158419831466853,0.6130944623352904,0.6176182143659309,final_minus_initial,0.1530972691605945,0.0010692802928257267,0.15288769022320065,0.15330684809798834,0.1531541980477836,0.14970101695525595,0.15581654035883197
MEAN_ADV_EXPOSURE,ce_strong,Targeted CE expansion,100,24,0.6048352741763864,0.014765499524397761,0.6019412362696044,0.6077293120831684,0.6092870207092433,0.5567912860157013,0.6340709428727023,final_minus_initial,0.14578665836258023,0.014288663393668898,0.14298608033742113,0.14858723638773932,0.15037690106859883,0.11164921006347633,0.17477416050729477
D_resources,ce_off,Linear reference,100,24,0.02782966298357446,0.013283817063519731,0.02522603483912459,0.03043329112802433,0.031972149484983454,0.0,0.057293366343669494,final_minus_initial,-0.28378009390529335,0.01179210517451269,-0.28609134651949786,-0.28146884129108884,-0.2789158475870112,-0.3058867939430303,-0.2595222383331865
D_resources,ce_light,Light CE,100,24,0.1494019981705258,0.018756010727657858,0.14572582006790485,0.15307817627314674,0.1504972258126196,0.10140924768245368,0.20404967390521533,final_minus_initial,-0.1789284346128512,0.019526525931877682,-0.18275563369549924,-0.17510123553020318,-0.17790828964953476,-0.21907906756254447,-0.11013069504037862
D_resources,baseline,Baseline CE,100,24,0.38089463854225997,0.01656692994190051,0.37764752027364745,0.3841417568108725,0.38107503252164293,0.33360510859859344,0.41914367399226954,final_minus_initial,0.03711017584837457,0.018144085981781844,0.03355393499594533,0.04066641670080381,0.03733378303570395,-0.006186651732627335,0.08018817619542251
D_resources,ce_strong,Targeted CE expansion,100,24,0.7731727535422067,0.0027220255859777016,0.7726392365273551,0.7737062705570583,0.7734203124119551,0.7663355519387064,0.7788144787552138,final_minus_initial,0.45409037629550836,0.003360711704423393,0.45343167680144136,0.45474907578957535,0.4545422362435537,0.445684316270243,0.4609262411280574
MEAN_RESOURCES,ce_off,Linear reference,100,24,1.0288425315833938,0.013902789158660599,1.0261175849082964,1.0315674782584912,1.0330468563440331,1.0,1.0608729819760911,final_minus_initial,-79.82498081847761,0.013352524956899266,-79.82759791336916,-79.82236372358607,-79.81990982432714,-79.85306051320195,-79.79738795889664
MEAN_RESOURCES,ce_light,Light CE,100,24,1.1769246464078393,0.026156870240327337,1.1717978998407352,1.1820513929749434,1.1777140652720584,1.1131428058505102,1.2577887417490616,final_minus_initial,-79.71603890649617,0.025998695755080882,-79.72113465086416,-79.71094316212817,-79.71543481540165,-79.77337706275432,-79.61569334830581
MEAN_RESOURCES,baseline,Baseline CE,100,24,1.6245503239413426,0.043984880461624194,1.6159292873708642,1.633171360511821,1.6238651580904466,1.5059165149768805,1.7332150540752524,final_minus_initial,-79.33924369130935,0.04318951309398019,-79.34770883587576,-79.33077854674293,-79.33947214085748,-79.43864106147578,-79.22507245207501
MEAN_RESOURCES,ce_strong,Targeted CE expansion,100,24,5.255503173676024,0.09340646701042925,5.23719550614198,5.273810841210068,5.25773411971351,5.027147248977086,5.4538949904073695,final_minus_initial,-76.12714538175412,0.09306990026168635,-76.1453870822054,-76.10890368130283,-76.13100271585586,-76.3555736975518,-75.92870978475024
MOVE_COUNT_M,ce_off,Linear reference,100,24,177.2554166666666,3.2024529334504215,176.62773589171033,177.88309744162288,177.16666666666666,169.41666666666666,183.25,final_minus_initial,-66.2,20.43763610834114,-70.20577667723487,-62.19422332276514,-69.5,-113.0,9.0
MOVE_COUNT_M,ce_light,Light CE,100,24,118.01875000000001,16.27583349193469,114.82868663558081,121.20881336441921,116.125,79.58333333333333,154.5,final_minus_initial,-116.61,24.56485746391015,-121.42471206292639,-111.79528793707361,-116.5,-159.0,-35.0
MOVE_COUNT_M,baseline,Baseline CE,100,24,99.99124999999998,2.4302510270986013,99.51492079868865,100.46757920131131,99.83333333333333,90.25,107.0,final_minus_initial,-148.15,16.9183272807863,-151.46599214703411,-144.8340078529659,-149.5,-185.0,-96.0
MOVE_COUNT_M,ce_strong,Targeted CE expansion,100,24,90.09791666666666,9.87919343508821,88.16159475338938,92.03423857994395,90.875,65.16666666666667,107.91666666666667,final_minus_initial,-152.37,23.01587287157287,-156.88111108282828,-147.85888891717173,-149.5,-208.0,-100.0
MOVE_RATE_M,ce_off,Linear reference,100,24,0.04431385416666666,0.000800613233362605,0.04415693397292759,0.04447077436040573,0.04429166666666667,0.04235416666666667,0.0458125,final_minus_initial,-0.016550000000000002,0.005109409027085286,-0.01755144416930872,-0.015548555830691287,-0.017375,-0.028250000000000004,0.002249999999999995
MOVE_RATE_M,ce_light,Light CE,100,24,0.029504687499999998,0.004068958372983673,0.0287071716588952,0.030302203341104797,0.029031249999999998,0.01989583333333333,0.038625,final_minus_initial,-0.029152500000000005,0.006141214365977539,-0.0303561780157316,-0.02794882198426841,-0.029125,-0.03975,-0.00875
MOVE_RATE_M,baseline,Baseline CE,100,24,0.024997812500000008,0.00060756275677465,0.024878730199672176,0.02511689480032784,0.024958333333333332,0.022562500000000003,0.02675,final_minus_initial,-0.0370375,0.004229581820196575,-0.03786649803675853,-0.03620850196324147,-0.037375000000000005,-0.046250000000000006,-0.023999999999999997
MOVE_RATE_M,ce_strong,Targeted CE expansion,100,24,0.022524479166666663,0.002469798358772053,0.02204039868834734,0.023008559644985986,0.02271875,0.016291666666666666,0.026979166666666665,final_minus_initial,-0.0380925,0.005753968217893217,-0.03922027777070707,-0.03696472222929293,-0.037375000000000005,-0.052000000000000005,-0.024999999999999998
N_HOUSEHOLDS,ce_off,Linear reference,100,24,4000.0,0.0,4000.0,4000.0,4000.0,4000.0,4000.0,final_minus_initial,0.0,0.0,0.0,0.0,0.0,0.0,0.0
N_HOUSEHOLDS,ce_light,Light CE,100,24,4000.0,0.0,4000.0,4000.0,4000.0,4000.0,4000.0,final_minus_initial,0.0,0.0,0.0,0.0,0.0,0.0,0.0
N_HOUSEHOLDS,baseline,Baseline CE,100,24,4000.0,0.0,4000.0,4000.0,4000.0,4000.0,4000.0,final_minus_initial,0.0,0.0,0.0,0.0,0.0,0.0,0.0
N_HOUSEHOLDS,ce_strong,Targeted CE expansion,100,24,4000.0,0.0,4000.0,4000.0,4000.0,4000.0,4000.0,final_minus_initial,0.0,0.0,0.0,0.0,0.0,0.0,0.0
MEAN_HOUSEHOLD_SIZE,ce_off,Linear reference,100,24,2.2649565625,0.009513025523823425,2.263092009497331,2.2668211155026694,2.265645833333333,2.2399687499999996,2.29075,final_minus_initial,0.15415249999999997,0.009705505505702035,0.15225022092088236,0.15605477907911758,0.1546249999999998,0.1259999999999999,0.1847500000000002
MEAN_HOUSEHOLD_SIZE,ce_light,Light CE,100,24,2.2653416666666666,0.009360403432921466,2.263507027593814,2.267176305739519,2.266208333333333,2.2371979166666667,2.2928645833333334,final_minus_initial,0.154,0.009806202943118021,0.15207798422314886,0.15592201577685114,0.15549999999999997,0.1237499999999998,0.1847500000000002
MEAN_HOUSEHOLD_SIZE,baseline,Baseline CE,100,24,2.266503541666667,0.009572460599043722,2.2646273393892544,2.268379743944079,2.266609375,2.2423229166666667,2.2936666666666667,final_minus_initial,0.15544,0.010152319732927828,0.15345014533234613,0.15742985466765386,0.154625,0.12950000000000017,0.1844999999999999
MEAN_HOUSEHOLD_SIZE,ce_strong,Targeted CE expansion,100,24,2.2648864583333332,0.009893535917526576,2.262947325293498,2.2668255913731685,2.2650729166666665,2.2430625,2.2879583333333335,final_minus_initial,0.153495,0.010213935074052966,0.15149306872548562,0.15549693127451436,0.15362499999999968,0.13050000000000006,0.17925000000000013
TOTAL_SYNTHETIC_POPULATION,ce_off,Linear reference,100,24,9059.82625,38.05210209529359,9052.368037989323,9067.284462010677,9062.583333333334,8959.875,9163.0,final_minus_initial,616.61,38.82202202280806,609.0008836835297,624.2191163164704,618.5,504.0,739.0
TOTAL_SYNTHETIC_POPULATION,ce_light,Light CE,100,24,9061.366666666667,37.441613731686026,9054.028110375257,9068.705222958077,9064.833333333332,8948.791666666666,9171.458333333334,final_minus_initial,616.0,39.22481177247201,608.3119368925954,623.6880631074046,622.0,495.0,739.0
TOTAL_SYNTHETIC_POPULATION,baseline,Baseline CE,100,24,9066.014166666666,38.2898423961748,9058.509357557015,9073.518975776316,9066.4375,8969.291666666666,9174.666666666666,final_minus_initial,621.76,40.60927893171135,613.8005813293846,629.7194186706154,618.5,518.0,738.0
TOTAL_SYNTHETIC_POPULATION,ce_strong,Targeted CE expansion,100,24,9059.545833333334,39.57414367010641,9051.789301173992,9067.302365492675,9060.291666666666,8972.25,9151.833333333334,final_minus_initial,613.98,40.85574029621193,605.9722749019425,621.9877250980576,614.5,522.0,717.0
HOUSEHOLD_SIZE_CHANGE_COUNT_M,ce_off,Linear reference,100,24,8.01125,0.5592006367418008,7.901646675198608,8.120853324801393,7.958333333333333,6.75,9.333333333333334,final_minus_initial,0.54,4.361030366620469,-0.3147619518576118,1.3947619518576118,1.0,-11.0,9.0
HOUSEHOLD_SIZE_CHANGE_COUNT_M,ce_light,Light CE,100,24,7.997916666666665,0.529117617494009,7.894209613637839,8.10162371969549,8.083333333333334,6.666666666666667,9.0,final_minus_initial,0.06,4.410318479532866,-0.8044224219884417,0.9244224219884418,-0.5,-9.0,11.0
HOUSEHOLD_SIZE_CHANGE_COUNT_M,baseline,Baseline CE,100,24,8.055416666666668,0.6273679888505178,7.932452540851966,8.17838079248137,7.9375,6.75,9.625,final_minus_initial,0.17,3.9210774647854745,-0.598531183097953,0.938531183097953,0.0,-10.0,15.0
HOUSEHOLD_SIZE_CHANGE_COUNT_M,ce_strong,Targeted CE expansion,100,24,7.939166666666668,0.6074101661882,7.820114274093781,8.058219059239555,8.0,6.291666666666667,9.208333333333334,final_minus_initial,0.43,4.318751690201251,-0.4164753312794452,1.2764753312794452,1.0,-8.0,10.0
OBSERVED_CE_ACTIONS_M,ce_off,Linear reference,100,24,0.0,0.0,0.0,0.0,0.0,0.0,0.0,final_minus_initial,0.0,0.0,0.0,0.0,0.0,0.0,0.0
OBSERVED_CE_ACTIONS_M,ce_light,Light CE,100,24,3328.347083333333,29.803978145890305,3322.5055036167387,3334.1886630499275,3330.9375,3259.6666666666665,3380.625,final_minus_initial,1505.93,55.55564232316457,1495.0410941046598,1516.8189058953403,1508.5,1380.0,1665.0
OBSERVED_CE_ACTIONS_M,baseline,Baseline CE,100,24,3697.6270833333333,9.515335499766683,3695.762077575379,3699.4920890912877,3696.25,3680.0416666666665,3717.4166666666665,final_minus_initial,1790.97,54.33667121184217,1780.3200124424789,1801.6199875575212,1795.0,1654.0,1898.0
OBSERVED_CE_ACTIONS_M,ce_strong,Targeted CE expansion,100,24,3824.8579166666673,11.484001850656954,3822.6070523039384,3827.108781029396,3825.4791666666665,3794.5416666666665,3850.9166666666665,final_minus_initial,1708.85,63.54659071830048,1696.394868219213,1721.3051317807867,1706.5,1565.0,1903.0
CE_ACTION_RECOGNITION_OPPORTUNITIES_M,ce_off,Linear reference,100,24,0.0,0.0,0.0,0.0,0.0,0.0,0.0,final_minus_initial,0.0,0.0,0.0,0.0,0.0,0.0,0.0
CE_ACTION_RECOGNITION_OPPORTUNITIES_M,ce_light,Light CE,100,24,6655.43875,58.54635540703115,6643.963664340222,6666.913835659779,6665.416666666667,6513.541666666667,6765.75,final_minus_initial,2996.22,76.40846904247029,2981.243940067676,3011.196059932324,2988.5,2784.0,3198.0
CE_ACTION_RECOGNITION_OPPORTUNITIES_M,baseline,Baseline CE,100,24,7394.392083333334,6.06291571231402,7393.203751853721,7395.580414812947,7394.416666666666,7378.833333333333,7408.666666666667,final_minus_initial,3585.57,52.94999642315494,3575.1918007010618,3595.9481992989386,3583.0,3453.0,3697.0
CE_ACTION_RECOGNITION_OPPORTUNITIES_M,ce_strong,Targeted CE expansion,100,24,7649.815833333331,13.606108877761137,7647.14903599329,7652.482630673372,7648.5625,7614.0,7690.0,final_minus_initial,3414.29,63.016319034409364,3401.938801469256,3426.641198530744,3407.5,3273.0,3560.0
OBSERVED_CE_ACTION_RATE_M,ce_off,Linear reference,100,24,0.0,0.0,0.0,0.0,0.0,0.0,0.0,final_minus_initial,0.0,0.0,0.0,0.0,0.0,0.0,0.0
OBSERVED_CE_ACTION_RATE_M,ce_light,Light CE,100,24,0.5000934430743097,0.001193107546798429,0.4998595939951372,0.5003272921534822,0.4999437894436699,0.4975183614816152,0.5026634927611473,final_minus_initial,0.0015304523339015252,0.00913483020953095,-0.00025997438716654107,0.0033208790549695915,0.001922123825877281,-0.024609904499532875,0.023714100012938
OBSERVED_CE_ACTION_RATE_M,baseline,Baseline CE,100,24,0.5000581766269835,0.0012667879259970227,0.4998098861934881,0.5003064670604789,0.5001568317227494,0.49738857350593063,0.5025193235464548,final_minus_initial,6.202896834163696e-05,0.009904136216159164,-0.0018791817300255593,0.002003239666708833,0.0009128616525280464,-0.024103197906539586,0.02106961036342553
OBSERVED_CE_ACTION_RATE_M,ce_strong,Targeted CE expansion,100,24,0.49999262549890594,0.0010686951512434218,0.49978316124926225,0.5002020897485496,0.500019468779064,0.49736245694043424,0.5031238974852968,final_minus_initial,0.0007977557709821875,0.009478940292217143,-0.0010601165262923724,0.002655628068256747,0.0018216425753273258,-0.020619103480824075,0.02826938691468245
R_gap,ce_off,Linear reference,100,24,0.020279955614330655,0.0013960244946795242,0.020006334813373466,0.020553576415287843,0.02029074488943769,0.01624562127687123,0.02403956361724495,final_minus_initial,-0.0002809915564288113,0.010181307091111202,-0.002276527746286607,0.0017145446334289843,-0.00030114473337360115,-0.026758090614886796,0.031570987654320995
R_gap,ce_light,Light CE,100,24,0.018776224722774622,0.0014819162403689084,0.018485769139662316,0.01906668030588693,0.01880267971858592,0.014984182098765383,0.02260176343264574,final_minus_initial,-0.001966384570260521,0.010532209711060982,-0.004030697673628473,9.79285331074312e-05,-0.0009611031352416994,-0.029032006245120902,0.0298186082877247
R_gap,baseline,Baseline CE,100,24,0.018296430016378734,0.0015061716086447157,0.01800122038108437,0.018591639651673098,0.018398541715386747,0.014004873777425287,0.02236025943396221,final_minus_initial,-0.002837241845641462,0.011709272716095022,-0.005132259297996086,-0.000542224393286838,-0.002787902423790298,-0.0358077673692426,0.0280604311008467
R_gap,ce_strong,Targeted CE expansion,100,24,0.018568654764962923,0.0014890431547046972,0.0182768023066408,0.018860507223285045,0.018529595392179306,0.013899810902451718,0.022341848859315547,final_minus_initial,-0.001842454704487418,0.010594057385866372,-0.003918889952117227,0.00023398054314239126,-0.0012686361625990012,-0.0284743735763099,0.0263820246343341
