cycle,D_labor_income,D_adv_exposure,D_adv_cell,D_resources,MEAN_ADV_EXPOSURE,MEAN_RESOURCES,MEAN_LABOR_INCOME,MEAN_HOUSEHOLD_SIZE,TOTAL_SYNTHETIC_POPULATION,D_adv,D_wealth,D_employ,TRADES_COUNT_M,TRADES_MASS_M,TRADES,SORT_DROPOFF_COUNT_M,SORT_DROPOFF_MASS_M,SORT_DROPOFF_MASS_KG,BULKY_DROPOFF_COUNT_M,BULKY_DROPOFF_MASS_M,BULKY_DROPOFF_MASS_KG,REPAIRS_COUNT_M,MOVE_COUNT_M,MOVE_RATE_M,HOUSEHOLD_SIZE_CHANGE_COUNT_M,OBSERVED_CE_ACTIONS_M,CE_ACTION_RECOGNITION_OPPORTUNITIES_M,OBSERVED_CE_ACTION_RATE_M,N_HOUSEHOLDS,MEAN_LOCAL_CE_ACTIVATION,CE_INTENSITY,CE_MATERIAL_FLOW_NORM,CE_REPAIR_VISIT_NORM,CEI_SIM,UNEMPLOYMENT,R_gap,P_voice_corr
1,0.9434220303713363,0.029675211526514974,0.027136434811012612,0.3057924781837308,0.9037931681669127,80.84761246692273,0.21640569468441664,2.11725,8469.0,0.029675211526514974,0.3057924781837308,0.10625,0,0.0,0.0,0,0.0,0.0,0,0.0,0.0,0,238,0.0595,11,0,0,0.0,4000,0.0,0.0,0.0,0.0,0.0,0.1,0.013686457505957206,0.0
2,0.9867359673632848,0.02988943627581889,0.027136434811012612,0.31823470719223296,0.9038842582694893,77.85586418473214,0.05187328644493999,2.1195,8478.0,0.02988943627581889,0.31823470719223296,0.10875,0,0.0,0.0,0,0.0,0.0,0,0.0,0.0,0,230,0.0575,17,0,0,0.0,4000,0.0,0.0,0.0,0.0,0.0,0.1,0.02310067513899916,0.0
3,0.9860781796296373,0.03006963338054792,0.027136434811012612,0.33185979295656276,0.9039000695350026,74.8749459309087,0.05573528634962675,2.12075,8483.0,0.03006963338054792,0.33185979295656276,0.1145,0,0.0,0.0,0,0.0,0.0,0,0.0,0.0,0,175,0.04375,7,0,0,0.0,4000,0.0,0.0,0.0,0.0,0.0,0.1,0.026087768069896655,0.0
4,0.9885172155979134,0.03024447613514056,0.027136434811012612,0.3465806170542974,0.9038794783072803,71.90329771886888,0.04479031125791234,2.122,8488.0,0.03024447613514056,0.3465806170542974,0.11375,0,0.0,0.0,0,0.0,0.0,0,0.0,0.0,0,140,0.035,9,0,0,0.0,4000,0.0,0.0,0.0,0.0,0.0,0.1,0.025249205718824497,0.0
5,0.9924230285594288,0.030296391723585416,0.027136434811012612,0.3624353436735977,0.9039812023129982,68.93981029364882,0.02798320997104173,2.12375,8495.0,0.030296391723585416,0.3624353436735977,0.09575,0,0.0,0.0,0,0.0,0.0,0,0.0,0.0,0,127,0.03175,13,0,0,0.0,4000,0.0,0.0,0.0,0.0,0.0,0.1,0.010683677521842738,0.0
6,0.99250852401235,0.03050463576105433,0.027136434811012612,0.3789710400230334,0.9039045526533691,66.02324914487534,0.025156753232682582,2.12425,8497.0,0.03050463576105433,0.3789710400230334,0.107,0,0.0,0.0,0,0.0,0.0,0,0.0,0.0,0,140,0.035,8,0,0,0.0,4000,0.0,0.0,0.0,0.0,0.0,0.1,0.021673550436854705,0.0
7,0.9930446955046328,0.03060242394021559,0.027136434811012612,0.3963033202352371,0.9039365643227134,63.157652894831536,0.02398784322953938,2.1245,8498.0,0.03060242394021559,0.3963033202352371,0.11025,0,0.0,0.0,0,0.0,0.0,0,0.0,0.0,0,130,0.0325,9,0,0,0.0,4000,0.0,0.0,0.0,0.0,0.0,0.1,0.016040706910246283,0.0
8,0.9931999176694549,0.030592976939425285,0.027136434811012612,0.41437451528743263,0.9040341976455765,60.34933422701384,0.02324542667178519,2.12525,8501.0,0.030592976939425285,0.41437451528743263,0.11225,0,0.0,0.0,0,0.0,0.0,0,0.0,0.0,0,134,0.0335,7,0,0,0.0,4000,0.0,0.0,0.0,0.0,0.0,0.1,0.025160643367752256,0.0
9,0.9946248247805926,0.030591308363396824,0.027136434811012612,0.4330239340112985,0.9041810529193508,57.60578298566601,0.017068661602635548,2.1245,8498.0,0.030591308363396824,0.4330239340112985,0.105,0,0.0,0.0,0,0.0,0.0,0,0.0,0.0,0,126,0.0315,7,0,0,0.0,4000,0.0,0.0,0.0,0.0,0.0,0.1,0.03479348689436057,0.0
10,0.9925420247824978,0.030756334995165977,0.027136434811012612,0.45219854798461856,0.9042062512299447,54.939525467170434,0.024843604891577848,2.125,8500.0,0.030756334995165977,0.45219854798461856,0.109,0,0.0,0.0,0,0.0,0.0,0,0.0,0.0,0,153,0.03825,4,0,0,0.0,4000,0.0,0.0,0.0,0.0,0.0,0.1,0.02126211278792689,0.0
11,0.9935713321136128,0.03070962464996983,0.027136434811012612,0.47125031919883587,0.904354348916175,52.370698072794156,0.021041958814006088,2.12625,8505.0,0.03070962464996983,0.47125031919883587,0.11175,0,0.0,0.0,0,0.0,0.0,0,0.0,0.0,0,122,0.0305,7,0,0,0.0,4000,0.0,0.0,0.0,0.0,0.0,0.1,0.020894956314535307,0.0
12,0.9939629616098762,0.030818249047462744,0.027136434811012612,0.49007499073738325,0.9043588985249876,49.9005270569287,0.018815452931466494,2.12725,8509.0,0.030818249047462744,0.49007499073738325,0.1055,0,0.0,0.0,0,0.0,0.0,0,0.0,0.0,0,116,0.029,6,0,0,0.0,4000,0.0,0.0,0.0,0.0,0.0,0.1,0.022379269261318502,0.0
13,0.9944105041515229,0.03071447154182479,0.027136434811012612,0.5090842148802951,0.9045552633471245,47.51039984744384,0.017298449596193193,2.12875,8515.0,0.03071447154182479,0.5090842148802951,0.10475,0,0.0,0.0,0,0.0,0.0,0,0.0,0.0,0,115,0.02875,8,0,0,0.0,4000,0.0,0.0,0.0,0.0,0.0,0.1,0.021540706910246232,0.0
14,0.9931390742375322,0.030719221994408845,0.027136434811012612,0.5275428340910748,0.9046844284409433,45.23334410392237,0.022147652223451827,2.12825,8513.0,0.030719221994408845,0.5275428340910748,0.10425,0,0.0,0.0,0,0.0,0.0,0,0.0,0.0,0,126,0.0315,12,0,0,0.0,4000,0.0,0.0,0.0,0.0,0.0,0.1,0.01330361397934876,0.0
15,0.9926926249198812,0.030747951176715905,0.027136434811012612,0.5453064301895886,0.9048154133721242,43.06500342704295,0.02321545782880453,2.1285,8514.0,0.030747951176715905,0.5453064301895886,0.113,0,0.0,0.0,0,0.0,0.0,0,0.0,0.0,0,137,0.03425,7,0,0,0.0,4000,0.0,0.0,0.0,0.0,0.0,0.1,0.030764892772041308,0.0
16,0.9923987085708091,0.0308261036046712,0.027136434811012612,0.5626428833731447,0.9049116413031935,40.99514636157783,0.02283746789987778,2.129,8516.0,0.0308261036046712,0.5626428833731447,0.109,0,0.0,0.0,0,0.0,0.0,0,0.0,0.0,0,161,0.04025,12,0,0,0.0,4000,0.0,0.0,0.0,0.0,0.0,0.1,0.023644956314535337,0.0
17,0.99209201960661,0.030954670903865278,0.027136434811012612,0.5794769079431501,0.9049607856606419,39.017791261301184,0.022908773650194766,2.13025,8521.0,0.030954670903865278,0.5794769079431501,0.102,0,0.0,0.0,0,0.0,0.0,0,0.0,0.0,0,147,0.03675,7,0,0,0.0,4000,0.0,0.0,0.0,0.0,0.0,0.1,0.013170770452740288,0.0
18,0.9915929735178174,0.03099747805646887,0.027136434811012612,0.5957397803044842,0.9050434005318352,37.131881087788194,0.025760319703630772,2.13225,8529.0,0.03099747805646887,0.5957397803044842,0.10575,0,0.0,0.0,0,0.0,0.0,0,0.0,0.0,0,144,0.036,10,0,0,0.0,4000,0.0,0.0,0.0,0.0,0.0,0.1,0.016569301032565487,0.0
19,0.9913825515804474,0.031096929588240577,0.027136434811012612,0.6114578586611634,0.9051118293866159,35.33546730404488,0.026707828809775628,2.1325,8530.0,0.031096929588240577,0.6114578586611634,0.113,0,0.0,0.0,0,0.0,0.0,0,0.0,0.0,0,159,0.03975,9,0,0,0.0,4000,0.0,0.0,0.0,0.0,0.0,0.1,0.014084988085782402,0.0
20,0.9928363717800868,0.031149945279305688,0.027136434811012612,0.6267450628781581,0.9052115654936833,33.61711304964567,0.02202134212929075,2.132,8528.0,0.031149945279305688,0.6267450628781581,0.1105,0,0.0,0.0,0,0.0,0.0,0,0.0,0.0,0,145,0.03625,6,0,0,0.0,4000,0.0,0.0,0.0,0.0,0.0,0.1,0.02135067513899913,0.0
21,0.9925400041188964,0.031146337797458616,0.027136434811012612,0.6416516403125707,0.9053555058653169,31.976475650602886,0.024107138278558607,2.13275,8531.0,0.031146337797458616,0.6416516403125707,0.1035,0,0.0,0.0,0,0.0,0.0,0,0.0,0.0,0,166,0.0415,9,0,0,0.0,4000,0.0,0.0,0.0,0.0,0.0,0.1,0.023584988085782355,0.0
22,0.9925082459060449,0.031228217873465785,0.027136434811012612,0.6561713122594455,0.9054173565946639,30.40827645295582,0.020702261482098437,2.1335,8534.0,0.031228217873465785,0.6561713122594455,0.10775,0,0.0,0.0,0,0.0,0.0,0,0.0,0.0,0,170,0.0425,9,0,0,0.0,4000,0.0,0.0,0.0,0.0,0.0,0.1,0.013775019857029336,0.0
23,0.9931642689852013,0.03130927871996751,0.027136434811012612,0.6700960927050762,0.9054965192485933,28.917080343577258,0.02297260297207653,2.13475,8539.0,0.03130927871996751,0.6700960927050762,0.10975,0,0.0,0.0,0,0.0,0.0,0,0.0,0.0,0,160,0.04,7,0,0,0.0,4000,0.0,0.0,0.0,0.0,0.0,0.1,0.00859789515488485,0.0
24,0.9937064174884245,0.031310271075300225,0.027136434811012612,0.6835669540401048,0.9056735664008538,27.49644379380391,0.016918450809594355,2.1355,8542.0,0.031310271075300225,0.6835669540401048,0.1035,0,0.0,0.0,0,0.0,0.0,0,0.0,0.0,0,165,0.04125,11,0,0,0.0,4000,0.0,0.0,0.0,0.0,0.0,0.1,0.0021393963463065546,0.0
25,0.994261970466684,0.03128088869419335,0.027136434811012612,0.6963671249627814,0.9058899052078482,26.151384365076463,0.015472498141468335,2.13625,8545.0,0.03128088869419335,0.6963671249627814,0.10575,0,0.0,0.0,0,0.0,0.0,0,0.0,0.0,0,169,0.04225,11,0,0,0.0,4000,0.0,0.0,0.0,0.0,0.0,0.1,0.014980738681493189,0.0
26,0.9939477249745159,0.03144984511101183,0.027136434811012612,0.7080548801348341,0.9058248193675215,24.89017011018534,0.015347851223659302,2.138,8552.0,0.03144984511101183,0.7080548801348341,0.10225,0,0.0,0.0,0,0.0,0.0,0,0.0,0.0,0,138,0.0345,9,0,0,0.0,4000,0.0,0.0,0.0,0.0,0.0,0.1,0.021657863383637843,0.0
27,0.9937066312752563,0.031400098153842905,0.027136434811012612,0.718466187049496,0.9059581908142494,23.714482549481282,0.013834173599069239,2.13925,8557.0,0.031400098153842905,0.718466187049496,0.10425,0,0.0,0.0,0,0.0,0.0,0,0.0,0.0,0,164,0.041,5,0,0,0.0,4000,0.0,0.0,0.0,0.0,0.0,0.1,0.012509332803812612,0.0
28,0.9935775343816667,0.03147183647107477,0.027136434811012612,0.7282840899212827,0.9060370672358479,22.60152355762756,0.018119623106044352,2.1405,8562.0,0.03147183647107477,0.7282840899212827,0.108,0,0.0,0.0,0,0.0,0.0,0,0.0,0.0,0,160,0.04,7,0,0,0.0,4000,0.0,0.0,0.0,0.0,0.0,0.1,0.006376489277204134,0.0
29,0.994483285087811,0.031530537460803705,0.027136434811012612,0.7373432246460964,0.9061939138884053,21.54596750445412,0.013364403477720376,2.14125,8565.0,0.031530537460803705,0.7373432246460964,0.11875,0,0.0,0.0,0,0.0,0.0,0,0.0,0.0,0,181,0.04525,11,0,0,0.0,4000,0.0,0.0,0.0,0.0,0.0,0.1,0.02898629864972202,0.0
30,0.9943425920604767,0.03158236283955097,0.027136434811012612,0.7459863051390113,0.9062719676202033,20.538844351584704,0.014114403477720376,2.1425,8570.0,0.03158236283955097,0.7459863051390113,0.112,0,0.0,0.0,0,0.0,0.0,0,0.0,0.0,0,164,0.041,9,0,0,0.0,4000,0.0,0.0,0.0,0.0,0.0,0.1,0.02382208101667993,0.0
31,0.9938331899540054,0.03163360434661058,0.027136434811012612,0.7541958890623836,0.9063337366278814,19.57926755393182,0.01637279746556399,2.143,8572.0,0.03163360434661058,0.7541958890623836,0.10625,0,0.0,0.0,0,0.0,0.0,0,0.0,0.0,0,158,0.0395,4,0,0,0.0,4000,0.0,0.0,0.0,0.0,0.0,0.1,0.026394956314535367,0.0
32,0.9938117398777082,0.031830803454445604,0.027136434811012612,0.761992236808966,0.9063029292012754,18.6640222221768,0.014862070476010885,2.144,8576.0,0.031830803454445604,0.761992236808966,0.11125,0,0.0,0.0,0,0.0,0.0,0,0.0,0.0,0,159,0.03975,4,0,0,0.0,4000,0.0,0.0,0.0,0.0,0.0,0.1,0.013452144559173984,0.0
33,0.993496842163136,0.0318569993873685,0.027136434811012612,0.7690005880768779,0.9064107413176554,17.803302392585785,0.015058023144136906,2.14575,8583.0,0.0318569993873685,0.7690005880768779,0.115,0,0.0,0.0,0,0.0,0.0,0,0.0,0.0,0,175,0.04375,9,0,0,0.0,4000,0.0,0.0,0.0,0.0,0.0,0.1,0.009702144559173953,0.0
34,0.9935562158902638,0.031758079955690466,0.027136434811012612,0.7754658548979007,0.9066589775439866,16.985092807587552,0.014808023144136906,2.1465,8586.0,0.031758079955690466,0.7754658548979007,0.10375,0,0.0,0.0,0,0.0,0.0,0,0.0,0.0,0,169,0.04225,3,0,0,0.0,4000,0.0,0.0,0.0,0.0,0.0,0.1,0.021746425734710084,0.0
35,0.9932549386757616,0.031731797956452666,0.027136434811012612,0.7813944338792409,0.906855303332919,16.212093483709154,0.01823671739381992,2.147,8588.0,0.031731797956452666,0.7813944338792409,0.10975,0,0.0,0.0,0,0.0,0.0,0,0.0,0.0,0,179,0.04475,6,0,0,0.0,4000,0.0,0.0,0.0,0.0,0.0,0.1,0.024483518665607606,0.0
36,0.9940056973190111,0.03182857142669631,0.027136434811012612,0.7866975300745317,0.9069236896921912,15.48220382962267,0.016256038687672135,2.1475,8590.0,0.03182857142669631,0.7866975300745317,0.10975,0,0.0,0.0,0,0.0,0.0,0,0.0,0.0,0,162,0.0405,6,0,0,0.0,4000,0.0,0.0,0.0,0.0,0.0,0.1,0.017334988085782377,0.0
37,0.9937627940963685,0.03189095224591988,0.027136434811012612,0.7913897163098758,0.9070256046239527,14.79278736007566,0.01548671739381992,2.14825,8593.0,0.03189095224591988,0.7913897163098758,0.115,0,0.0,0.0,0,0.0,0.0,0,0.0,0.0,0,186,0.0465,9,0,0,0.0,4000,0.0,0.0,0.0,0.0,0.0,0.1,0.03432486100079424,0.0
38,0.9947447707293872,0.0320412302064255,0.027136434811012612,0.7954828301525889,0.9069678718425841,14.142461943593378,0.011990401799128742,2.1485,8594.0,0.0320412302064255,0.7954828301525889,0.11125,0,0.0,0.0,0,0.0,0.0,0,0.0,0.0,0,168,0.042,7,0,0,0.0,4000,0.0,0.0,0.0,0.0,0.0,0.1,0.026160643367752257,0.0
39,0.9944348196737753,0.032097126917683065,0.027136434811012612,0.7990316338974572,0.9070762482514936,13.527208669469621,0.010903249959132612,2.14825,8593.0,0.032097126917683065,0.7990316338974572,0.11175,0,0.0,0.0,0,0.0,0.0,0,0.0,0.0,0,190,0.0475,11,0,0,0.0,4000,0.0,0.0,0.0,0.0,0.0,0.1,0.028837768069896685,0.0
40,0.9945396603499727,0.03236675214558479,0.027136434811012612,0.8022169557092721,0.9070140458476438,12.939576929623291,0.013160934829631907,2.149,8596.0,0.03236675214558479,0.8022169557092721,0.1105,0,0.0,0.0,0,0.0,0.0,0,0.0,0.0,0,200,0.05,5,0,0,0.0,4000,0.0,0.0,0.0,0.0,0.0,0.1,0.018967831612390795,0.0
41,0.9940680542914528,0.032405168305176625,0.027136434811012612,0.8049096690681059,0.9070787334142839,12.381499459101793,0.015106887497757928,2.149,8596.0,0.032405168305176625,0.8049096690681059,0.10525,0,0.0,0.0,0,0.0,0.0,0,0.0,0.0,0,166,0.0415,12,0,0,0.0,4000,0.0,0.0,0.0,0.0,0.0,0.1,0.01865786338363784,0.0
42,0.9933581340978097,0.032370339338528085,0.027136434811012612,0.8072229034010365,0.9072914098238767,11.848226779811297,0.01672016513975885,2.15075,8603.0,0.032370339338528085,0.8072229034010365,0.11025,0,0.0,0.0,0,0.0,0.0,0,0.0,0.0,0,184,0.046,9,0,0,0.0,4000,0.0,0.0,0.0,0.0,0.0,0.1,0.016834988085782432,0.0
43,0.993164566831784,0.03227372231075665,0.027136434811012612,0.809026779700296,0.9074892876659785,11.344448670541665,0.017274212471632824,2.15175,8607.0,0.03227372231075665,0.809026779700296,0.10975,0,0.0,0.0,0,0.0,0.0,0,0.0,0.0,0,146,0.0365,8,0,0,0.0,4000,0.0,0.0,0.0,0.0,0.0,0.1,0.02130639396346301,0.0
44,0.9936404840773979,0.03221823387670489,0.027136434811012612,0.8104217987796745,0.9077279125928052,10.86493082691363,0.014865754881319708,2.15125,8605.0,0.03221823387670489,0.8104217987796745,0.118,0,0.0,0.0,0,0.0,0.0,0,0.0,0.0,0,176,0.044,10,0,0,0.0,4000,0.0,0.0,0.0,0.0,0.0,0.1,0.009084988085782397,0.0
45,0.9939470283998223,0.032402242570401946,0.027136434811012612,0.8114532381692908,0.9077161589858062,10.40697373976027,0.013337839450777184,2.1515,8606.0,0.032402242570401946,0.8114532381692908,0.10525,0,0.0,0.0,0,0.0,0.0,0,0.0,0.0,0,172,0.043,9,0,0,0.0,4000,0.0,0.0,0.0,0.0,0.0,0.1,0.015480738681493245,0.0
46,0.9939580965838705,0.03244149542390608,0.027136434811012612,0.8121784633134936,0.9078325006235376,9.966526586072549,0.013306499918265224,2.15175,8607.0,0.03244149542390608,0.8121784633134936,0.11325,0,0.0,0.0,0,0.0,0.0,0,0.0,0.0,0,195,0.04875,9,0,0,0.0,4000,0.0,0.0,0.0,0.0,0.0,0.1,0.01939495631453536,0.0
47,0.9938863807587609,0.032328553667191284,0.027136434811012612,0.8125414990506116,0.9080872084675986,9.547515282191087,0.014556499918265225,2.15225,8609.0,0.032328553667191284,0.8125414990506116,0.10675,0,0.0,0.0,0,0.0,0.0,0,0.0,0.0,0,182,0.0455,4,0,0,0.0,4000,0.0,0.0,0.0,0.0,0.0,0.1,0.031454924543288354,0.0
48,0.9938163234069097,0.032426492675318504,0.027136434811012612,0.812470772935726,0.9081273777957839,9.152258525959681,0.013099202627258633,2.153,8612.0,0.032426492675318504,0.812470772935726,0.1135,0,0.0,0.0,0,0.0,0.0,0,0.0,0.0,0,182,0.0455,7,0,0,0.0,4000,0.0,0.0,0.0,0.0,0.0,0.1,0.027087768069896656,0.0
49,0.9936280634449425,0.03259657964827507,0.027136434811012612,0.8120050784582111,0.908085600462019,8.776578261294118,0.013599202627258633,2.15325,8613.0,0.03259657964827507,0.8120050784582111,0.10475,0,0.0,0.0,0,0.0,0.0,0,0.0,0.0,0,172,0.043,9,0,0,0.0,4000,0.0,0.0,0.0,0.0,0.0,0.1,0.034249205718824505,0.0
50,0.9940621322974674,0.032564557427045164,0.027136434811012612,0.8111397928552951,0.9082902789444554,8.422023738035406,0.01376900484045232,2.1535,8614.0,0.032564557427045164,0.8111397928552951,0.1125,0,0.0,0.0,0,0.0,0.0,0,0.0,0.0,0,192,0.048,15,0,0,0.0,4000,0.0,0.0,0.0,0.0,0.0,0.1,0.030470611596505104,0.0
51,0.9937337209273476,0.032708061202985556,0.027136434811012612,0.8098950639674654,0.9083271688431985,8.087446664052553,0.014260262771075229,2.1545,8618.0,0.032708061202985556,0.8098950639674654,0.097,0,0.0,0.0,0,0.0,0.0,0,0.0,0.0,0,199,0.04975,6,0,0,0.0,4000,0.0,0.0,0.0,0.0,0.0,0.1,0.01896505162827644,0.0
52,0.9942825149099873,0.03255843549133992,0.027136434811012612,0.8082882693838119,0.9086306147756645,7.768642565124774,0.010545155295384653,2.15575,8623.0,0.03255843549133992,0.8082882693838119,0.1185,0,0.0,0.0,0,0.0,0.0,0,0.0,0.0,0,198,0.0495,11,0,0,0.0,4000,0.0,0.0,0.0,0.0,0.0,0.1,0.021293486894360503,0.0
53,0.9935253068774886,0.03246714399180188,0.027136434811012612,0.8063424680498267,0.9089148645225518,7.4686865860998735,0.014470165139758843,2.15625,8625.0,0.03246714399180188,0.8063424680498267,0.10925,0,0.0,0.0,0,0.0,0.0,0,0.0,0.0,0,179,0.04475,8,0,0,0.0,4000,0.0,0.0,0.0,0.0,0.0,0.1,0.021806393963463067,0.0
54,0.994181608798438,0.032389377199602526,0.027136434811012612,0.8040780735705005,0.9091565207843516,7.180964785513935,0.01287709950420028,2.156,8624.0,0.032389377199602526,0.8040780735705005,0.10325,0,0.0,0.0,0,0.0,0.0,0,0.0,0.0,0,214,0.0535,7,0,0,0.0,4000,0.0,0.0,0.0,0.0,0.0,0.1,0.019863582208101693,0.0
55,0.9941890701560062,0.03226143359006872,0.027136434811012612,0.8015017621996742,0.9093866023560411,6.9054830098746915,0.012791878780423576,2.15875,8635.0,0.03226143359006872,0.8015017621996742,0.1195,0,0.0,0.0,0,0.0,0.0,0,0.0,0.0,0,179,0.04475,13,0,0,0.0,4000,0.0,0.0,0.0,0.0,0.0,0.1,0.02267633042096895,0.0
56,0.9935727111487496,0.03231997296707974,0.027136434811012612,0.7985942113317865,0.9095009423137573,6.6437797041927755,0.009641905336252041,2.15825,8633.0,0.03231997296707974,0.7985942113317865,0.10775,0,0.0,0.0,0,0.0,0.0,0,0.0,0.0,0,187,0.04675,14,0,0,0.0,4000,0.0,0.0,0.0,0.0,0.0,0.1,0.02410067513899916,0.0
57,0.9939016633787295,0.032508030837074105,0.027136434811012612,0.7953612848354953,0.9095147371942136,6.398254835052326,0.011919802213193687,2.15825,8633.0,0.032508030837074105,0.7953612848354953,0.106,0,0.0,0.0,0,0.0,0.0,0,0.0,0.0,0,194,0.0485,4,0,0,0.0,4000,0.0,0.0,0.0,0.0,0.0,0.1,0.01314217633042103,0.0
58,0.9941246885641485,0.0326921215116245,0.027136434811012612,0.7918278800040772,0.9094683659456839,6.160388964639174,0.009153249959132612,2.15975,8639.0,0.0326921215116245,0.7918278800040772,0.103,0,0.0,0.0,0,0.0,0.0,0,0.0,0.0,0,188,0.047,12,0,0,0.0,4000,0.0,0.0,0.0,0.0,0.0,0.1,0.012965051628276436,0.0
59,0.9944929180747991,0.03291107099679017,0.027136434811012612,0.788022030087741,0.9094291052677296,5.933042780939361,0.011999148176695338,2.1605,8642.0,0.03291107099679017,0.788022030087741,0.11475,0,0.0,0.0,0,0.0,0.0,0,0.0,0.0,0,192,0.048,5,0,0,0.0,4000,0.0,0.0,0.0,0.0,0.0,0.1,0.022660643367752198,0.0
60,0.9949723949758402,0.03272669001635887,0.027136434811012612,0.7839007669961534,0.9098112811594758,5.71213115832534,0.012200032091844825,2.16125,8645.0,0.03272669001635887,0.7839007669961534,0.108,0,0.0,0.0,0,0.0,0.0,0,0.0,0.0,0,217,0.05425,7,0,0,0.0,4000,0.0,0.0,0.0,0.0,0.0,0.1,0.027027799841143785,0.0
61,0.9944612952828474,0.03261667178864091,0.027136434811012612,0.7794973176776336,0.9100871413428309,5.502490636025781,0.013901192391151349,2.16175,8647.0,0.03261667178864091,0.7794973176776336,0.1105,0,0.0,0.0,0,0.0,0.0,0,0.0,0.0,0,189,0.04725,6,0,0,0.0,4000,0.0,0.0,0.0,0.0,0.0,0.1,0.01658498808578235,0.0
62,0.9946184191849574,0.032660357443411794,0.027136434811012612,0.774793549564187,0.9101677953701298,5.3023957181653,0.01340119239115135,2.16175,8647.0,0.032660357443411794,0.774793549564187,0.11675,0,0.0,0.0,0,0.0,0.0,0,0.0,0.0,0,184,0.046,10,0,0,0.0,4000,0.0,0.0,0.0,0.0,0.0,0.1,0.015894956314535302,0.0
63,0.9946438155528277,0.03253052312559557,0.027136434811012612,0.769790137631931,0.9104288609889195,5.110484444424168,0.012188687468964255,2.162,8648.0,0.03253052312559557,0.769790137631931,0.10875,0,0.0,0.0,0,0.0,0.0,0,0.0,0.0,0,206,0.0515,9,0,0,0.0,4000,0.0,0.0,0.0,0.0,0.0,0.1,0.010392176330420999,0.0
64,0.994456042914076,0.032537010023161894,0.027136434811012612,0.7645292417625605,0.91052422961884,4.929507602282455,0.013667744645212424,2.163,8652.0,0.032537010023161894,0.7645292417625605,0.10975,0,0.0,0.0,0,0.0,0.0,0,0.0,0.0,0,178,0.0445,12,0,0,0.0,4000,0.0,0.0,0.0,0.0,0.0,0.1,0.017334988085782377,0.0
65,0.9947099688106223,0.032721332515260285,0.027136434811012612,0.7590496798350106,0.9105126897491775,4.760347570522589,0.01240119239115135,2.16325,8653.0,0.032721332515260285,0.7590496798350106,0.1125,0,0.0,0.0,0,0.0,0.0,0,0.0,0.0,0,211,0.05275,9,0,0,0.0,4000,0.0,0.0,0.0,0.0,0.0,0.1,0.03285345512311355,0.0
66,0.9938352252872784,0.032953944685328584,0.027136434811012612,0.7533367166443777,0.9104753241694695,4.6001080172588225,0.008087858004378062,2.16475,8659.0,0.032953944685328584,0.7533367166443777,0.11475,0,0.0,0.0,0,0.0,0.0,0,0.0,0.0,0,213,0.05325,8,0,0,0.0,4000,0.0,0.0,0.0,0.0,0.0,0.1,0.03616342335186651,0.0
67,0.9946346054019193,0.032978805336200866,0.027136434811012612,0.7473724686855362,0.9105698220128235,4.446200698503436,0.010297488297094145,2.16525,8661.0,0.032978805336200866,0.7473724686855362,0.107,0,0.0,0.0,0,0.0,0.0,0,0.0,0.0,0,166,0.0415,4,0,0,0.0,4000,0.0,0.0,0.0,0.0,0.0,0.1,0.012936457505957177,0.0
68,0.994473805810813,0.03304916414441301,0.027136434811012612,0.7412322864730114,0.9106725910571458,4.301611887395915,0.010797488297094144,2.16575,8663.0,0.03304916414441301,0.7412322864730114,0.10975,0,0.0,0.0,0,0.0,0.0,0,0.0,0.0,0,191,0.04775,4,0,0,0.0,4000,0.0,0.0,0.0,0.0,0.0,0.1,0.0078036139793487,0.0
69,0.9947382933127736,0.03294887632850063,0.027136434811012612,0.7348815240322153,0.9108928074919069,4.16351743212053,0.010601535628968125,2.166,8664.0,0.03294887632850063,0.7348815240322153,0.10775,0,0.0,0.0,0,0.0,0.0,0,0.0,0.0,0,173,0.04325,13,0,0,0.0,4000,0.0,0.0,0.0,0.0,0.0,0.1,0.012980738681493187,0.0
70,0.9950308763004809,0.03275792185553052,0.027136434811012612,0.7282513242808352,0.9112521774541654,4.029907770504706,0.009601535628968124,2.16675,8667.0,0.03275792185553052,0.7282513242808352,0.10525,0,0.0,0.0,0,0.0,0.0,0,0.0,0.0,0,175,0.04375,7,0,0,0.0,4000,0.0,0.0,0.0,0.0,0.0,0.1,0.010715051628276462,0.0
71,0.9953030347587659,0.03274979868525222,0.027136434811012612,0.7214131868036463,0.9114097194019418,3.902501544245177,0.010564040551155219,2.1675,8670.0,0.03274979868525222,0.7214131868036463,0.105,0,0.0,0.0,0,0.0,0.0,0,0.0,0.0,0,191,0.04775,3,0,0,0.0,4000,0.0,0.0,0.0,0.0,0.0,0.1,0.02843923749007149,0.0
72,0.9948922255176837,0.0327671041080036,0.027136434811012612,0.7143451327730612,0.9115350686135629,3.7804357611000077,0.008658457590313116,2.1685,8674.0,0.0327671041080036,0.7143451327730612,0.10875,0,0.0,0.0,0,0.0,0.0,0,0.0,0.0,0,179,0.04475,10,0,0,0.0,4000,0.0,0.0,0.0,0.0,0.0,0.1,0.0032436457505956584,0.0
73,0.9946966733499911,0.03267558009069412,0.027136434811012612,0.7071203383223089,0.9116802643569649,3.664673536236772,0.01150999321928124,2.17,8680.0,0.03267558009069412,0.7071203383223089,0.11775,0,0.0,0.0,0,0.0,0.0,0,0.0,0.0,0,140,0.035,6,0,0,0.0,4000,0.0,0.0,0.0,0.0,0.0,0.1,0.0363405480540111,0.0
74,0.9945968427528953,0.032664954085748536,0.027136434811012612,0.699677289009352,0.9118197264877306,3.5536739456342628,0.01245594588740726,2.17075,8683.0,0.032664954085748536,0.699677289009352,0.11225,0,0.0,0.0,0,0.0,0.0,0,0.0,0.0,0,159,0.03975,11,0,0,0.0,4000,0.0,0.0,0.0,0.0,0.0,0.1,0.01483498808578243,0.0
75,0.9943387790576791,0.03266746173399036,0.027136434811012612,0.6919354156170756,0.911999397519432,3.445825836191294,0.011084459535798096,2.17125,8685.0,0.03266746173399036,0.6919354156170756,0.10125,0,0.0,0.0,0,0.0,0.0,0,0.0,0.0,0,179,0.04475,8,0,0,0.0,4000,0.0,0.0,0.0,0.0,0.0,0.1,0.019480738681493248,0.0
76,0.994468100737104,0.03268720396491902,0.027136434811012612,0.6839491354347819,0.9120530902221026,3.3420383172652,0.010300362926565157,2.172,8688.0,0.03268720396491902,0.6839491354347819,0.11525,0,0.0,0.0,0,0.0,0.0,0,0.0,0.0,0,186,0.0465,5,0,0,0.0,4000,0.0,0.0,0.0,0.0,0.0,0.1,0.03169201747418593,0.0
77,0.994277027472472,0.0325908905139402,0.027136434811012612,0.675643498106352,0.9122954789555802,3.241106217731258,0.010746315594691178,2.173,8692.0,0.0325908905139402,0.675643498106352,0.1055,0,0.0,0.0,0,0.0,0.0,0,0.0,0.0,0,178,0.0445,14,0,0,0.0,4000,0.0,0.0,0.0,0.0,0.0,0.1,0.010465051628276378,0.0
78,0.9943725852417222,0.03285074083913833,0.027136434811012612,0.6671179905809604,0.9121567931291231,3.144359567825064,0.011050362926565157,2.17525,8701.0,0.03285074083913833,0.6671179905809604,0.11275,0,0.0,0.0,0,0.0,0.0,0,0.0,0.0,0,196,0.049,13,0,0,0.0,4000,0.0,0.0,0.0,0.0,0.0,0.1,0.015923550436854672,0.0
79,0.9937283397500231,0.032837539176606534,0.027136434811012612,0.6584282901048744,0.9122854889993719,3.0521740101870947,0.014762867848752253,2.17575,8703.0,0.032837539176606534,0.6584282901048744,0.1095,0,0.0,0.0,0,0.0,0.0,0,0.0,0.0,0,181,0.04525,6,0,0,0.0,4000,0.0,0.0,0.0,0.0,0.0,0.1,0.020762112787926834,0.0
80,0.9937283397500231,0.03289752078341441,0.027136434811012612,0.6494838267304608,0.9123272342905886,2.963213912211475,0.014762867848752253,2.177,8708.0,0.03289752078341441,0.6494838267304608,0.11525,0,0.0,0.0,0,0.0,0.0,0,0.0,0.0,0,171,0.04275,9,0,0,0.0,4000,0.0,0.0,0.0,0.0,0.0,0.1,0.025337768069896738,0.0
81,0.9936138632343693,0.032944286213445445,0.027136434811012612,0.6403995295539489,0.9124267906572775,2.8785888597322797,0.014408457590313116,2.17775,8711.0,0.032944286213445445,0.6403995295539489,0.11425,0,0.0,0.0,0,0.0,0.0,0,0.0,0.0,0,210,0.0525,5,0,0,0.0,4000,0.0,0.0,0.0,0.0,0.0,0.1,0.020777799841143807,0.0
82,0.9944652191121853,0.03306258719305055,0.027136434811012612,0.6311354039549558,0.9124033780604055,2.797546129906254,0.011120962512500212,2.1775,8710.0,0.03306258719305055,0.6311354039549558,0.11225,0,0.0,0.0,0,0.0,0.0,0,0.0,0.0,0,200,0.05,9,0,0,0.0,4000,0.0,0.0,0.0,0.0,0.0,0.1,0.02198351866560766,0.0
83,0.9942721504855642,0.0331340912382417,0.027136434811012612,0.6216618344014029,0.912488584543731,2.719567094294435,0.013882307135380783,2.179,8716.0,0.0331340912382417,0.6216618344014029,0.11625,0,0.0,0.0,0,0.0,0.0,0,0.0,0.0,0,192,0.048,8,0,0,0.0,4000,0.0,0.0,0.0,0.0,0.0,0.1,0.025132049245432886,0.0
84,0.9942723350188071,0.0328871317213234,0.027136434811012612,0.6123633699100755,0.9128394893798488,2.64768542259265,0.012925009844374192,2.1805,8722.0,0.0328871317213234,0.6123633699100755,0.1035,0,0.0,0.0,0,0.0,0.0,0,0.0,0.0,0,178,0.0445,10,0,0,0.0,4000,0.0,0.0,0.0,0.0,0.0,0.1,0.021202144559173908,0.0
85,0.9947299683152863,0.032826304471549,0.027136434811012612,0.6028322302136597,0.9129714262411521,2.5780898190208985,0.009053512792687563,2.18075,8723.0,0.032826304471549,0.6028322302136597,0.11175,0,0.0,0.0,0,0.0,0.0,0,0.0,0.0,0,167,0.04175,7,0,0,0.0,4000,0.0,0.0,0.0,0.0,0.0,0.1,0.023277799841143754,0.0
86,0.9945642857142857,0.03297940720567051,0.027136434811012612,0.593455956775803,0.9129504977418387,2.513524550069661,0.00875,2.18175,8727.0,0.03297940720567051,0.593455956775803,0.11375,0,0.0,0.0,0,0.0,0.0,0,0.0,0.0,0,179,0.04475,10,0,0,0.0,4000,0.0,0.0,0.0,0.0,0.0,0.1,0.010157863383637777,0.0
87,0.994688926356994,0.033079125380067395,0.027136434811012612,0.5840342070277026,0.9129950851888613,2.452042545336621,0.011995609430309246,2.1825,8730.0,0.033079125380067395,0.5840342070277026,0.1035,0,0.0,0.0,0,0.0,0.0,0,0.0,0.0,0,179,0.04475,7,0,0,0.0,4000,0.0,0.0,0.0,0.0,0.0,0.1,0.010082208101667933,0.0
88,0.994003826014912,0.03287246506852589,0.027136434811012612,0.5745784531805254,0.9132430827902801,2.3935266981104597,0.012104410258439136,2.18275,8731.0,0.03287246506852589,0.5745784531805254,0.111,0,0.0,0.0,0,0.0,0.0,0,0.0,0.0,0,172,0.043,9,0,0,0.0,4000,0.0,0.0,0.0,0.0,0.0,0.1,0.015290706910246255,0.0
89,0.9935594467806287,0.03289698589292596,0.027136434811012612,0.5650362636350628,0.9133121874219804,2.3374006238844394,0.012208820516878273,2.18375,8735.0,0.03289698589292596,0.5650362636350628,0.112,0,0.0,0.0,0,0.0,0.0,0,0.0,0.0,0,193,0.04825,8,0,0,0.0,4000,0.0,0.0,0.0,0.0,0.0,0.1,0.022233518665607632,0.0
90,0.9937822513440729,0.03304200373940998,0.027136434811012612,0.5557139950418821,0.913288700036954,2.285243903007581,0.012975372770939348,2.184,8736.0,0.03304200373940998,0.5557139950418821,0.114,0,0.0,0.0,0,0.0,0.0,0,0.0,0.0,0,171,0.04275,5,0,0,0.0,4000,0.0,0.0,0.0,0.0,0.0,0.1,0.017056393963463035,0.0
91,0.9944624262703634,0.032978612654847785,0.027136434811012612,0.5464030304169765,0.9134908851668231,2.23560340120021,0.012333467434687308,2.184,8736.0,0.032978612654847785,0.5464030304169765,0.118,0,0.0,0.0,0,0.0,0.0,0,0.0,0.0,0,205,0.05125,4,0,0,0.0,4000,0.0,0.0,0.0,0.0,0.0,0.1,0.025764892772041303,0.0
92,0.9942858615203068,0.03296870087837137,0.027136434811012612,0.5371196029482889,0.9136382023870867,2.1883299069961666,0.010791179483121726,2.185,8740.0,0.03296870087837137,0.5371196029482889,0.109,0,0.0,0.0,0,0.0,0.0,0,0.0,0.0,0,205,0.05125,10,0,0,0.0,4000,0.0,0.0,0.0,0.0,0.0,0.1,0.013319301032565511,0.0
93,0.9939442648858938,0.03282754353293809,0.027136434811012612,0.527847101893504,0.9138818728075983,2.143162671045452,0.009746315594691177,2.18525,8741.0,0.03282754353293809,0.527847101893504,0.1215,0,0.0,0.0,0,0.0,0.0,0,0.0,0.0,0,199,0.04975,3,0,0,0.0,4000,0.0,0.0,0.0,0.0,0.0,0.1,0.016704924543288313,0.0
94,0.994155509171625,0.03274810193198969,0.027136434811012612,0.5184877179140592,0.9140244988326427,2.0994889130491066,0.011066915180626233,2.18425,8737.0,0.03274810193198969,0.5184877179140592,0.10825,0,0.0,0.0,0,0.0,0.0,0,0.0,0.0,0,159,0.03975,10,0,0,0.0,4000,0.0,0.0,0.0,0.0,0.0,0.1,0.015657863383637838,0.0
95,0.994400066589868,0.032733236824257626,0.027136434811012612,0.5090521868365798,0.9140704635151196,2.057283475502503,0.009870962512500211,2.18575,8743.0,0.032733236824257626,0.5090521868365798,0.11375,0,0.0,0.0,0,0.0,0.0,0,0.0,0.0,0,184,0.046,6,0,0,0.0,4000,0.0,0.0,0.0,0.0,0.0,0.1,0.025249205718824497,0.0
96,0.9943510765898214,0.03276004981128299,0.027136434811012612,0.4996886355757553,0.9141301525155229,2.0171246858518015,0.010561707549445729,2.187,8748.0,0.03276004981128299,0.4996886355757553,0.10925,0,0.0,0.0,0,0.0,0.0,0,0.0,0.0,0,157,0.03925,7,0,0,0.0,4000,0.0,0.0,0.0,0.0,0.0,0.1,0.015452144559173986,0.0
97,0.9945717257050668,0.03274259598878016,0.027136434811012612,0.4903688292122826,0.9142616823391031,1.97875062425648,0.010311707549445728,2.18725,8749.0,0.03274259598878016,0.4903688292122826,0.1035,0,0.0,0.0,0,0.0,0.0,0,0.0,0.0,0,178,0.0445,7,0,0,0.0,4000,0.0,0.0,0.0,0.0,0.0,0.1,0.01961358220810161,0.0
98,0.9939860143698196,0.03294754594793688,0.027136434811012612,0.48144083082577316,0.9141661369853625,1.943433713266065,0.010942268262817198,2.187,8748.0,0.03294754594793688,0.48144083082577316,0.10325,0,0.0,0.0,0,0.0,0.0,0,0.0,0.0,0,197,0.04925,5,0,0,0.0,4000,0.0,0.0,0.0,0.0,0.0,0.1,0.01589217633042106,0.0
99,0.9942107548648287,0.032865443786990405,0.027136434811012612,0.4727920206967323,0.9143395035766917,1.9104774601646546,0.012311707549445728,2.18725,8749.0,0.032865443786990405,0.4727920206967323,0.10675,0,0.0,0.0,0,0.0,0.0,0,0.0,0.0,0,167,0.04175,3,0,0,0.0,4000,0.0,0.0,0.0,0.0,0.0,0.1,0.01954070691024623,0.0
100,0.9939034917566028,0.03291692131137454,0.027136434811012612,0.4643941060292563,0.9144132490506313,1.8795916385961442,0.010437060631636694,2.18825,8753.0,0.03291692131137454,0.4643941060292563,0.11925,0,0.0,0.0,0,0.0,0.0,0,0.0,0.0,0,176,0.044,12,0,0,0.0,4000,0.0,0.0,0.0,0.0,0.0,0.1,0.026103455123113628,0.0
101,0.9936022963012572,0.03306694997343743,0.027136434811012612,0.4560247287369094,0.914382794623253,1.8498340927920662,0.009925716008756122,2.189,8756.0,0.03306694997343743,0.4560247287369094,0.118,0,0.0,0.0,0,0.0,0.0,0,0.0,0.0,0,173,0.04325,9,0,0,0.0,4000,0.0,0.0,0.0,0.0,0.0,0.1,0.0289420174741859,0.0
102,0.9936582846202805,0.033098423757581416,0.027136434811012612,0.4478513952867578,0.9144989599842875,1.8217133030034038,0.011633013299762714,2.189,8756.0,0.033098423757581416,0.4478513952867578,0.11125,0,0.0,0.0,0,0.0,0.0,0,0.0,0.0,0,184,0.046,6,0,0,0.0,4000,0.0,0.0,0.0,0.0,0.0,0.1,0.007097895154884903,0.0
103,0.9936022963012572,0.03288907150376147,0.027136434811012612,0.4397647457956289,0.9148335594293184,1.7947483935502209,0.009925716008756122,2.19075,8763.0,0.03288907150376147,0.4397647457956289,0.1115,0,0.0,0.0,0,0.0,0.0,0,0.0,0.0,0,188,0.047,7,0,0,0.0,4000,0.0,0.0,0.0,0.0,0.0,0.1,0.018762112787926832,0.0
104,0.9937752396105424,0.032966250517811616,0.027136434811012612,0.43153892158616663,0.9148826024372304,1.7681355861138282,0.011937060631636694,2.19125,8765.0,0.032966250517811616,0.43153892158616663,0.11225,0,0.0,0.0,0,0.0,0.0,0,0.0,0.0,0,193,0.04825,6,0,0,0.0,4000,0.0,0.0,0.0,0.0,0.0,0.1,0.026749205718824554,0.0
105,0.9943397208471639,0.0331065141525876,0.027136434811012612,0.42338363717672606,0.9148037166071197,1.7425410186159038,0.010599202627258632,2.19125,8765.0,0.0331065141525876,0.42338363717672606,0.109,0,0.0,0.0,0,0.0,0.0,0,0.0,0.0,0,165,0.04125,6,0,0,0.0,4000,0.0,0.0,0.0,0.0,0.0,0.1,0.011730738681493214,0.0
106,0.994431933794681,0.033210412572669865,0.027136434811012612,0.4152068077087588,0.9148371308456119,1.7176260506167282,0.010889675945998429,2.19175,8767.0,0.033210412572669865,0.4152068077087588,0.102,0,0.0,0.0,0,0.0,0.0,0,0.0,0.0,0,199,0.04975,8,0,0,0.0,4000,0.0,0.0,0.0,0.0,0.0,0.1,0.024290706910246262,0.0
107,0.9940475446321585,0.033299575741246625,0.027136434811012612,0.40712074684781197,0.9148216821240308,1.6936961753571267,0.012615754881319708,2.19275,8771.0,0.033299575741246625,0.40712074684781197,0.11075,0,0.0,0.0,0,0.0,0.0,0,0.0,0.0,0,185,0.04625,8,0,0,0.0,4000,0.0,0.0,0.0,0.0,0.0,0.1,0.018717831612390823,0.0
108,0.9941333932385601,0.0331703812633024,0.027136434811012612,0.3990042323503491,0.9150711472179444,1.6703498184586028,0.015123439751819004,2.1935,8774.0,0.0331703812633024,0.3990042323503491,0.10825,0,0.0,0.0,0,0.0,0.0,0,0.0,0.0,0,191,0.04775,7,0,0,0.0,4000,0.0,0.0,0.0,0.0,0.0,0.1,0.02201211278792692,0.0
109,0.9945696631620622,0.0331621462350435,0.027136434811012612,0.390662048167657,0.9151813761340502,1.647015396138871,0.013214982161505887,2.19575,8783.0,0.0331621462350435,0.390662048167657,0.10825,0,0.0,0.0,0,0.0,0.0,0,0.0,0.0,0,208,0.052,11,0,0,0.0,4000,0.0,0.0,0.0,0.0,0.0,0.1,0.018040706910246285,0.0
110,0.9945006810272418,0.03327514295016607,0.027136434811012612,0.38223496090275316,0.9152062235903442,1.6241037352731078,0.014231534415566962,2.196,8784.0,0.03327514295016607,0.38223496090275316,0.1115,0,0.0,0.0,0,0.0,0.0,0,0.0,0.0,0,188,0.047,5,0,0,0.0,4000,0.0,0.0,0.0,0.0,0.0,0.1,0.029882049245432807,0.0
111,0.994344211342435,0.03313536881262746,0.027136434811012612,0.37424007668003834,0.9154251647562923,1.6029805411677343,0.01620538396063463,2.197,8788.0,0.03313536881262746,0.37424007668003834,0.112,0,0.0,0.0,0,0.0,0.0,0,0.0,0.0,0,180,0.045,12,0,0,0.0,4000,0.0,0.0,0.0,0.0,0.0,0.1,0.013496425734710105,0.0
112,0.9949755160256933,0.033206439054665006,0.027136434811012612,0.36615652409773825,0.9154512681063386,1.5821799295205063,0.01468595707710254,2.19825,8793.0,0.033206439054665006,0.36615652409773825,0.11275,0,0.0,0.0,0,0.0,0.0,0,0.0,0.0,0,196,0.049,13,0,0,0.0,4000,0.0,0.0,0.0,0.0,0.0,0.1,0.022277799841143753,0.0
113,0.9944107964174912,0.033171679277451384,0.027136434811012612,0.3579389577256559,0.915608898823122,1.5615838850216408,0.012449682253839934,2.1985,8794.0,0.033171679277451384,0.3579389577256559,0.10725,0,0.0,0.0,0,0.0,0.0,0,0.0,0.0,0,159,0.03975,13,0,0,0.0,4000,0.0,0.0,0.0,0.0,0.0,0.1,0.025394956314535366,0.0
114,0.9943596078420114,0.03324720440375291,0.027136434811012612,0.34962005346064967,0.9156193707105547,1.5412777771590955,0.012340335243696852,2.19925,8797.0,0.03324720440375291,0.34962005346064967,0.10625,0,0.0,0.0,0,0.0,0.0,0,0.0,0.0,0,184,0.046,7,0,0,0.0,4000,0.0,0.0,0.0,0.0,0.0,0.1,0.013686457505957206,0.0
115,0.9945367312058252,0.03332545570760311,0.027136434811012612,0.3415234197255212,0.9156597534166473,1.5220307565579132,0.013106887497757928,2.20075,8803.0,0.03332545570760311,0.3415234197255212,0.1075,0,0.0,0.0,0,0.0,0.0,0,0.0,0.0,0,184,0.046,10,0,0,0.0,4000,0.0,0.0,0.0,0.0,0.0,0.1,0.030704924543288326,0.0
116,0.9939054541054778,0.033167842206567044,0.027136434811012612,0.33347908048507807,0.9158553499585975,1.5033865571425395,0.014668779421586436,2.20125,8805.0,0.033167842206567044,0.33347908048507807,0.115,0,0.0,0.0,0,0.0,0.0,0,0.0,0.0,0,189,0.04725,6,0,0,0.0,4000,0.0,0.0,0.0,0.0,0.0,0.1,0.036707704527402685,0.0
117,0.9938713053228891,0.033245762365240544,0.027136434811012612,0.325791126312034,0.9158679721872572,1.4860057963694224,0.013425407873859981,2.2025,8810.0,0.033245762365240544,0.325791126312034,0.10625,0,0.0,0.0,0,0.0,0.0,0,0.0,0.0,0,183,0.04575,7,0,0,0.0,4000,0.0,0.0,0.0,0.0,0.0,0.1,0.008920770452740312,0.0
118,0.9938945562388511,0.03317483626881845,0.027136434811012612,0.31798832718247605,0.9160352774370717,1.4687728060672027,0.011229988752964921,2.20325,8813.0,0.03317483626881845,0.31798832718247605,0.111,0,0.0,0.0,0,0.0,0.0,0,0.0,0.0,0,179,0.04475,11,0,0,0.0,4000,0.0,0.0,0.0,0.0,0.0,0.1,0.027204924543288378,0.0
119,0.9938731944764244,0.03325785557539592,0.027136434811012612,0.31060898699091843,0.9160846616283266,1.452853750720158,0.010212504922187095,2.20425,8817.0,0.03325785557539592,0.31060898699091843,0.1145,0,0.0,0.0,0,0.0,0.0,0,0.0,0.0,0,198,0.0495,4,0,0,0.0,4000,0.0,0.0,0.0,0.0,0.0,0.1,0.0300591739475774,0.0
120,0.9937712726139171,0.03326531596431028,0.027136434811012612,0.30369587950777266,0.9162104371584628,1.4382614079924816,0.011658457590313117,2.20375,8815.0,0.03326531596431028,0.30369587950777266,0.10375,0,0.0,0.0,0,0.0,0.0,0,0.0,0.0,0,202,0.0505,8,0,0,0.0,4000,0.0,0.0,0.0,0.0,0.0,0.1,0.005860802223987327,0.0
121,0.9934281740548655,0.03327811393014806,0.027136434811012612,0.2972394388082664,0.91625332544565,1.424908694831493,0.011658457590313117,2.20475,8819.0,0.03327811393014806,0.2972394388082664,0.101,0,0.0,0.0,0,0.0,0.0,0,0.0,0.0,0,163,0.04075,6,0,0,0.0,4000,0.0,0.0,0.0,0.0,0.0,0.1,0.01337648927720414,0.0
122,0.9933370965014231,0.033024503959328044,0.027136434811012612,0.29114069953784477,0.9165325835578801,1.412531150628539,0.009891905336252041,2.205,8820.0,0.033024503959328044,0.29114069953784477,0.11175,0,0.0,0.0,0,0.0,0.0,0,0.0,0.0,0,190,0.0475,9,0,0,0.0,4000,0.0,0.0,0.0,0.0,0.0,0.1,0.013746425734710077,0.0
123,0.9937990673300959,0.03308544450182894,0.027136434811012612,0.28489902099654457,0.9165926514588916,1.400085696054653,0.010780430127515268,2.2055,8822.0,0.03308544450182894,0.28489902099654457,0.103,0,0.0,0.0,0,0.0,0.0,0,0.0,0.0,0,175,0.04375,4,0,0,0.0,4000,0.0,0.0,0.0,0.0,0.0,0.1,0.0018451151707704616,0.0
124,0.9939504785642117,0.032949785021778304,0.027136434811012612,0.27876164956059296,0.9167965031413957,1.3880641921471446,0.011229057176248171,2.207,8828.0,0.032949785021778304,0.27876164956059296,0.109,0,0.0,0.0,0,0.0,0.0,0,0.0,0.0,0,150,0.0375,6,0,0,0.0,4000,0.0,0.0,0.0,0.0,0.0,0.1,0.024439237490071486,0.0
125,0.9934358398031509,0.03305432670711086,0.027136434811012612,0.2730644778240878,0.9167646739317216,1.3770970444764525,0.012620962512500212,2.2075,8830.0,0.03305432670711086,0.2730644778240878,0.109,0,0.0,0.0,0,0.0,0.0,0,0.0,0.0,0,160,0.04,10,0,0,0.0,4000,0.0,0.0,0.0,0.0,0.0,0.1,0.011730738681493214,0.0
126,0.993201570863203,0.033079696914716086,0.027136434811012612,0.2673303238694812,0.9168543688187762,1.3662351248316675,0.012816915180626233,2.209,8836.0,0.033079696914716086,0.2673303238694812,0.10375,0,0.0,0.0,0,0.0,0.0,0,0.0,0.0,0,193,0.04825,10,0,0,0.0,4000,0.0,0.0,0.0,0.0,0.0,0.1,0.020157863383637786,0.0
127,0.9936512141541579,0.03293789366700344,0.027136434811012612,0.26186261364969554,0.9171058687140826,1.356041043823027,0.011408457590313116,2.2085,8834.0,0.03293789366700344,0.26186261364969554,0.1105,0,0.0,0.0,0,0.0,0.0,0,0.0,0.0,0,216,0.054,4,0,0,0.0,4000,0.0,0.0,0.0,0.0,0.0,0.1,0.018967831612390795,0.0
128,0.9932266126878191,0.03300720665269596,0.027136434811012612,0.25660308755046995,0.9171559409489685,1.3463811576334936,0.014262867848752253,2.20875,8835.0,0.03300720665269596,0.25660308755046995,0.107,0,0.0,0.0,0,0.0,0.0,0,0.0,0.0,0,167,0.04175,11,0,0,0.0,4000,0.0,0.0,0.0,0.0,0.0,0.1,0.02405639396346304,0.0
129,0.9940991558850931,0.03304758625476245,0.027136434811012612,0.251340869958653,0.9172035015469572,1.3368540096072252,0.011657751425931185,2.21025,8841.0,0.03304758625476245,0.251340869958653,0.11475,0,0.0,0.0,0,0.0,0.0,0,0.0,0.0,0,204,0.051,10,0,0,0.0,4000,0.0,0.0,0.0,0.0,0.0,0.1,0.017100675138999155,0.0
130,0.99403627125426,0.03291652449865874,0.027136434811012612,0.2460031111758984,0.9173651394461164,1.3273268615809568,0.012637514766561287,2.2105,8842.0,0.03291652449865874,0.2460031111758984,0.1145,0,0.0,0.0,0,0.0,0.0,0,0.0,0.0,0,187,0.04675,9,0,0,0.0,4000,0.0,0.0,0.0,0.0,0.0,0.1,0.005436457505957115,0.0
131,0.9941091488949552,0.03289249083414043,0.027136434811012612,0.24058817280731026,0.9174633989683177,1.3177997135546884,0.010962504922187095,2.2115,8846.0,0.03289249083414043,0.24058817280731026,0.113,0,0.0,0.0,0,0.0,0.0,0,0.0,0.0,0,220,0.055,10,0,0,0.0,4000,0.0,0.0,0.0,0.0,0.0,0.1,0.018056393963463035,0.0
132,0.9937196651019173,0.03282760538544913,0.027136434811012612,0.23529305768908124,0.9175495901955635,1.3086166542452005,0.01080404733187398,2.21225,8849.0,0.03282760538544913,0.23529305768908124,0.10925,0,0.0,0.0,0,0.0,0.0,0,0.0,0.0,0,185,0.04625,7,0,0,0.0,4000,0.0,0.0,0.0,0.0,0.0,0.1,0.02021783161239088,0.0
133,0.9936500911471496,0.03263406786229783,0.027136434811012612,0.2299828052148516,0.9177643541851888,1.299535458887058,0.01222905717624817,2.2135,8854.0,0.03263406786229783,0.2299828052148516,0.10375,0,0.0,0.0,0,0.0,0.0,0,0.0,0.0,0,173,0.04325,9,0,0,0.0,4000,0.0,0.0,0.0,0.0,0.0,0.1,0.020952144559173935,0.0
134,0.9935253122369654,0.03261150183694044,0.027136434811012612,0.2247060310419833,0.9178715166074556,1.2906365625908824,0.011962504922187096,2.21375,8855.0,0.03261150183694044,0.2247060310419833,0.11075,0,0.0,0.0,0,0.0,0.0,0,0.0,0.0,0,173,0.04325,5,0,0,0.0,4000,0.0,0.0,0.0,0.0,0.0,0.1,0.022689237490071457,0.0
135,0.9938671385114399,0.03262227465004449,0.027136434811012612,0.2196974960778899,0.9179061802642268,1.28230536723274,0.01197905717624817,2.21425,8857.0,0.03262227465004449,0.2196974960778899,0.1145,0,0.0,0.0,0,0.0,0.0,0,0.0,0.0,0,168,0.042,10,0,0,0.0,4000,0.0,0.0,0.0,0.0,0.0,0.1,0.017350675138999128,0.0
136,0.9934327176016037,0.03262687425222351,0.027136434811012612,0.2149878805363508,0.9180008847963889,1.2745721024748318,0.012780430127515266,2.21525,8861.0,0.03262687425222351,0.2149878805363508,0.10475,0,0.0,0.0,0,0.0,0.0,0,0.0,0.0,0,185,0.04625,6,0,0,0.0,4000,0.0,0.0,0.0,0.0,0.0,0.1,0.01598073868149319,0.0
137,0.9933047327509054,0.03291438972014204,0.027136434811012612,0.2104021555574571,0.9178134583378332,1.2671328124529413,0.012212504922187095,2.21525,8861.0,0.03291438972014204,0.2104021555574571,0.1155,0,0.0,0.0,0,0.0,0.0,0,0.0,0.0,0,201,0.05025,4,0,0,0.0,4000,0.0,0.0,0.0,0.0,0.0,0.1,0.02270492454328832,0.0
138,0.993371387108084,0.032839770146399064,0.027136434811012612,0.2057622791239172,0.917981959447427,1.2596935224310513,0.011462504922187096,2.21675,8867.0,0.032839770146399064,0.2057622791239172,0.106,0,0.0,0.0,0,0.0,0.0,0,0.0,0.0,0,175,0.04375,8,0,0,0.0,4000,0.0,0.0,0.0,0.0,0.0,0.1,0.01870214455917396,0.0
139,0.9935583056730928,0.03283489147848072,0.027136434811012612,0.20121585806257666,0.9181175926646332,1.2524893882945447,0.01192500984437419,2.2165,8866.0,0.03283489147848072,0.20121585806257666,0.1125,0,0.0,0.0,0,0.0,0.0,0,0.0,0.0,0,205,0.05125,3,0,0,0.0,4000,0.0,0.0,0.0,0.0,0.0,0.1,0.020939237490071427,0.0
140,0.9931868886121205,0.03290060812685169,0.027136434811012612,0.19698040781695803,0.9181069080752026,1.2458542066903668,0.012908457590313116,2.217,8868.0,0.03290060812685169,0.19698040781695803,0.11325,0,0.0,0.0,0,0.0,0.0,0,0.0,0.0,0,172,0.043,8,0,0,0.0,4000,0.0,0.0,0.0,0.0,0.0,0.1,0.009069301032565535,0.0
141,0.9932040019911477,0.032879366240543835,0.027136434811012612,0.19275628004143452,0.9181906648421091,1.2393068220047287,0.011908457590313117,2.217,8868.0,0.032879366240543835,0.19275628004143452,0.11575,0,0.0,0.0,0,0.0,0.0,0,0.0,0.0,0,189,0.04725,12,0,0,0.0,4000,0.0,0.0,0.0,0.0,0.0,0.1,0.017689237490071452,0.0
142,0.9932562567986409,0.032728762218002874,0.027136434811012612,0.18848728221475528,0.9183893557547126,1.2327594373190904,0.014175009844374191,2.217,8868.0,0.032728762218002874,0.18848728221475528,0.10025,0,0.0,0.0,0,0.0,0.0,0,0.0,0.0,0,189,0.04725,8,0,0,0.0,4000,0.0,0.0,0.0,0.0,0.0,0.1,0.00618367752184279,0.0
143,0.9932562567986409,0.03270223409314769,0.027136434811012612,0.18417269558321409,0.9185411806244647,1.226212052633452,0.014175009844374191,2.2165,8866.0,0.03270223409314769,0.18417269558321409,0.108,0,0.0,0.0,0,0.0,0.0,0,0.0,0.0,0,183,0.04575,6,0,0,0.0,4000,0.0,0.0,0.0,0.0,0.0,0.1,0.015113582208101661,0.0
144,0.9936189035546498,0.0326187043032273,0.027136434811012612,0.1800600071688304,0.9186860742438285,1.2200368340124723,0.011175009844374192,2.2175,8870.0,0.0326187043032273,0.1800600071688304,0.11,0,0.0,0.0,0,0.0,0.0,0,0.0,0.0,0,182,0.0455,8,0,0,0.0,4000,0.0,0.0,0.0,0.0,0.0,0.1,0.016290706910246255,0.0
145,0.9933445786372516,0.03249291282145503,0.027136434811012612,0.1761188238218281,0.9189213268152648,1.2141783434161662,0.010604410258439136,2.21775,8871.0,0.03249291282145503,0.1761188238218281,0.10675,0,0.0,0.0,0,0.0,0.0,0,0.0,0.0,0,205,0.05125,7,0,0,0.0,4000,0.0,0.0,0.0,0.0,0.0,0.1,0.029866362192216056,0.0
146,0.9932930860731671,0.03247374722156552,0.027136434811012612,0.17227743971038445,0.9190131552618256,1.20852286406678,0.012300362926565157,2.21825,8873.0,0.03247374722156552,0.17227743971038445,0.10475,0,0.0,0.0,0,0.0,0.0,0,0.0,0.0,0,210,0.0525,6,0,0,0.0,4000,0.0,0.0,0.0,0.0,0.0,0.1,0.021540706910246232,0.0
147,0.993750324170831,0.0323675630684648,0.027136434811012612,0.16855480463991643,0.9191775644402553,1.2030929995525452,0.01325999321928124,2.21925,8877.0,0.0323675630684648,0.16855480463991643,0.1115,0,0.0,0.0,0,0.0,0.0,0,0.0,0.0,0,186,0.0465,8,0,0,0.0,4000,0.0,0.0,0.0,0.0,0.0,0.1,0.017967831612390794,0.0
148,0.9937388894113379,0.032405172654605366,0.027136434811012612,0.16495098356302407,0.9192041529495342,1.1978834728712853,0.009908457590313117,2.2195,8878.0,0.032405172654605366,0.16495098356302407,0.107,0,0.0,0.0,0,0.0,0.0,0,0.0,0.0,0,185,0.04625,9,0,0,0.0,4000,0.0,0.0,0.0,0.0,0.0,0.1,0.01690786338363781,0.0
149,0.9932930860731671,0.03236132304092128,0.027136434811012612,0.16131567994706134,0.9193220179895506,1.1926739461900249,0.012300362926565157,2.22025,8881.0,0.03236132304092128,0.16131567994706134,0.1075,0,0.0,0.0,0,0.0,0.0,0,0.0,0.0,0,198,0.0495,7,0,0,0.0,4000,0.0,0.0,0.0,0.0,0.0,0.1,0.025144956314535283,0.0
150,0.9937644472648404,0.03229063226534404,0.027136434811012612,0.15764857150486355,0.9194054993647246,1.1874644195087647,0.010854410258439137,2.22125,8885.0,0.03229063226534404,0.15764857150486355,0.11325,0,0.0,0.0,0,0.0,0.0,0,0.0,0.0,0,182,0.0455,12,0,0,0.0,4000,0.0,0.0,0.0,0.0,0.0,0.1,0.017012112787926914,0.0
151,0.9936950973855362,0.03234179138496168,0.027136434811012612,0.1539491814472951,0.9194598998883482,1.1822548928275045,0.011604410258439137,2.2215,8886.0,0.03234179138496168,0.1539491814472951,0.1065,0,0.0,0.0,0,0.0,0.0,0,0.0,0.0,0,189,0.04725,7,0,0,0.0,4000,0.0,0.0,0.0,0.0,0.0,0.1,0.012642176330420973,0.0
152,0.9941183930372995,0.032394015929035944,0.027136434811012612,0.1502170448673519,0.9195046244245593,1.1770453661462443,0.01192500984437419,2.2225,8890.0,0.032394015929035944,0.1502170448673519,0.1145,0,0.0,0.0,0,0.0,0.0,0,0.0,0.0,0,202,0.0505,6,0,0,0.0,4000,0.0,0.0,0.0,0.0,0.0,0.1,0.025293486894360506,0.0
153,0.9936767063514057,0.03248433495907443,0.027136434811012612,0.146301164754853,0.919477344285124,1.1716291192035226,0.012566915180626232,2.2235,8894.0,0.03248433495907443,0.146301164754853,0.104,0,0.0,0.0,0,0.0,0.0,0,0.0,0.0,0,199,0.04975,8,0,0,0.0,4000,0.0,0.0,0.0,0.0,0.0,0.1,0.03102779984114379,0.0
154,0.9934831807050465,0.03229869969724492,0.027136434811012612,0.1423809513749895,0.9197224079386261,1.1662574505266408,0.009533810672504082,2.22375,8895.0,0.03229869969724492,0.1423809513749895,0.11525,0,0.0,0.0,0,0.0,0.0,0,0.0,0.0,0,186,0.0465,5,0,0,0.0,4000,0.0,0.0,0.0,0.0,0.0,0.1,0.027720611596505185,0.0
155,0.9938069796284151,0.03222945560848628,0.027136434811012612,0.13842451306092896,0.9198371608906948,1.1608857818497584,0.010104410258439136,2.22525,8901.0,0.03222945560848628,0.13842451306092896,0.102,0,0.0,0.0,0,0.0,0.0,0,0.0,0.0,0,191,0.04775,10,0,0,0.0,4000,0.0,0.0,0.0,0.0,0.0,0.1,0.022702144559173965,0.0
156,0.9941278668842336,0.03232132002751047,0.027136434811012612,0.1344313668510853,0.9198269244003079,1.1555141131728766,0.009212504922187096,2.22725,8909.0,0.03232132002751047,0.1344313668510853,0.1075,0,0.0,0.0,0,0.0,0.0,0,0.0,0.0,0,175,0.04375,10,0,0,0.0,4000,0.0,0.0,0.0,0.0,0.0,0.1,0.02832208101667988,0.0
157,0.9942225528856585,0.0323730124722803,0.027136434811012612,0.13040092115973784,0.9198421492852545,1.150142444495994,0.011936354467254762,2.2275,8910.0,0.0323730124722803,0.13040092115973784,0.11075,0,0.0,0.0,0,0.0,0.0,0,0.0,0.0,0,173,0.04325,7,0,0,0.0,4000,0.0,0.0,0.0,0.0,0.0,0.1,0.0282492057188245,0.0
158,0.9938757814740948,0.03233315496673171,0.027136434811012612,0.12633265091987567,0.9199249814786532,1.144770775819112,0.015665411643502932,2.2275,8910.0,0.03233315496673171,0.12633265091987567,0.112,0,0.0,0.0,0,0.0,0.0,0,0.0,0.0,0,191,0.04775,4,0,0,0.0,4000,0.0,0.0,0.0,0.0,0.0,0.1,0.026204924543288377,0.0
159,0.9936268741849389,0.03202178618699303,0.027136434811012612,0.12232055139084731,0.9202999438163645,1.1395224885382231,0.014600019688748382,2.22875,8915.0,0.03202178618699303,0.12232055139084731,0.101,0,0.0,0.0,0,0.0,0.0,0,0.0,0.0,0,175,0.04375,11,0,0,0.0,4000,0.0,0.0,0.0,0.0,0.0,0.1,0.011787926926131842,0.0
160,0.993435318527892,0.031956312293499746,0.027136434811012612,0.11852078321598845,0.9204360218639792,1.1345967725294672,0.01642061927468344,2.22975,8919.0,0.031956312293499746,0.11852078321598845,0.1135,0,0.0,0.0,0,0.0,0.0,0,0.0,0.0,0,165,0.04125,6,0,0,0.0,4000,0.0,0.0,0.0,0.0,0.0,0.1,0.02391064336775217,0.0
161,0.9932451409800866,0.03197424502824289,0.027136434811012612,0.11468787870675966,0.9204710127743956,1.1296710565207109,0.01686657194280946,2.23075,8923.0,0.03197424502824289,0.11468787870675966,0.1065,0,0.0,0.0,0,0.0,0.0,0,0.0,0.0,0,172,0.043,6,0,0,0.0,4000,0.0,0.0,0.0,0.0,0.0,0.1,0.02852779984114373,0.0
162,0.9936402525691816,0.0319601630438682,0.027136434811012612,0.11140339798204447,0.9205403822714985,1.1254855442883545,0.013333467434687307,2.232,8928.0,0.0319601630438682,0.11140339798204447,0.11325,0,0.0,0.0,0,0.0,0.0,0,0.0,0.0,0,183,0.04575,13,0,0,0.0,4000,0.0,0.0,0.0,0.0,0.0,0.1,0.022572081016679957,0.0
163,0.9938160063565943,0.03200742549556005,0.027136434811012612,0.10810221524774516,0.9205046481614618,1.1213098282795984,0.013120962512500212,2.23275,8931.0,0.03200742549556005,0.10810221524774516,0.1045,0,0.0,0.0,0,0.0,0.0,0,0.0,0.0,0,176,0.044,3,0,0,0.0,4000,0.0,0.0,0.0,0.0,0.0,0.1,0.009876489277204081,0.0
164,0.9936359946886789,0.03204887012861553,0.027136434811012612,0.10477642625744166,0.9204994485434556,1.1171341122708422,0.013620962512500211,2.23325,8933.0,0.03204887012861553,0.10477642625744166,0.10475,0,0.0,0.0,0,0.0,0.0,0,0.0,0.0,0,174,0.0435,4,0,0,0.0,4000,0.0,0.0,0.0,0.0,0.0,0.1,0.021540706910246232,0.0
165,0.9936091026586321,0.03183742911568906,0.027136434811012612,0.1014610069330658,0.9207697633108757,1.113002335232863,0.01337096251250021,2.234,8936.0,0.03183742911568906,0.1014610069330658,0.10575,0,0.0,0.0,0,0.0,0.0,0,0.0,0.0,0,178,0.0445,13,0,0,0.0,4000,0.0,0.0,0.0,0.0,0.0,0.1,0.032454924543288355,0.0
166,0.993895927471224,0.03163994118755274,0.027136434811012612,0.0986925021080833,0.9210422579667903,1.1095766192241068,0.011120962512500212,2.23475,8939.0,0.03163994118755274,0.0986925021080833,0.11625,0,0.0,0.0,0,0.0,0.0,0,0.0,0.0,0,181,0.04525,9,0,0,0.0,4000,0.0,0.0,0.0,0.0,0.0,0.1,0.020366362192216103,0.0
167,0.9936493068323914,0.031629021977081236,0.027136434811012612,0.09605827167467565,0.9210878787634278,1.1063368359773993,0.011641905336252041,2.23475,8939.0,0.031629021977081236,0.09605827167467565,0.10775,0,0.0,0.0,0,0.0,0.0,0,0.0,0.0,0,205,0.05125,6,0,0,0.0,4000,0.0,0.0,0.0,0.0,0.0,0.1,0.009803613979348702,0.0
168,0.9937396793760015,0.03162336371351146,0.027136434811012612,0.09395311986919395,0.9211461746615476,1.103762198121481,0.012962504922187095,2.236,8944.0,0.03162336371351146,0.09395311986919395,0.1155,0,0.0,0.0,0,0.0,0.0,0,0.0,0.0,0,200,0.05,11,0,0,0.0,4000,0.0,0.0,0.0,0.0,0.0,0.1,0.017939237490071425,0.0
169,0.9936678198222416,0.03154519776404336,0.027136434811012612,0.09212159602992223,0.9212541411138286,1.1015324347808508,0.01367500984437419,2.2365,8946.0,0.03154519776404336,0.09212159602992223,0.11325,0,0.0,0.0,0,0.0,0.0,0,0.0,0.0,0,191,0.04775,8,0,0,0.0,4000,0.0,0.0,0.0,0.0,0.0,0.1,0.02813204924543289,0.0
170,0.9933097144098519,0.03150743423908631,0.027136434811012612,0.09064621850022656,0.9213943820394459,1.0997432828973885,0.016191562098435267,2.238,8952.0,0.03150743423908631,0.09064621850022656,0.113,0,0.0,0.0,0,0.0,0.0,0,0.0,0.0,0,178,0.0445,12,0,0,0.0,4000,0.0,0.0,0.0,0.0,0.0,0.1,0.0156735504368547,0.0
171,0.9938201443414098,0.031364134206324334,0.027136434811012612,0.08917045258095695,0.9216357718464009,1.0979594722248844,0.014441562098435267,2.23875,8955.0,0.031364134206324334,0.08917045258095695,0.11725,0,0.0,0.0,0,0.0,0.0,0,0.0,0.0,0,182,0.0455,7,0,0,0.0,4000,0.0,0.0,0.0,0.0,0.0,0.1,0.017777799841143804,0.0
172,0.9938486251512314,0.03134562785567795,0.027136434811012612,0.08768988362310647,0.9217160559019073,1.0961756615523806,0.014894177412797001,2.23925,8957.0,0.03134562785567795,0.08768988362310647,0.1125,0,0.0,0.0,0,0.0,0.0,0,0.0,0.0,0,184,0.046,6,0,0,0.0,4000,0.0,0.0,0.0,0.0,0.0,0.1,0.012996425734710049,0.0
173,0.9943022264588908,0.03151920649684275,0.027136434811012612,0.08620448814044908,0.9216232858137107,1.0943918508798762,0.012387155148790727,2.23975,8959.0,0.03151920649684275,0.08620448814044908,0.10525,0,0.0,0.0,0,0.0,0.0,0,0.0,0.0,0,171,0.04275,12,0,0,0.0,4000,0.0,0.0,0.0,0.0,0.0,0.1,0.017069301032565543,0.0
174,0.9938800870378585,0.03137129810611768,0.027136434811012612,0.08471424249338261,0.921851767542267,1.0926080402073721,0.01203310450812215,2.24,8960.0,0.03137129810611768,0.08471424249338261,0.111,0,0.0,0.0,0,0.0,0.0,0,0.0,0.0,0,190,0.0475,7,0,0,0.0,4000,0.0,0.0,0.0,0.0,0.0,0.1,0.01926211278792689,0.0
175,0.9936452818691595,0.031164133703858305,0.027136434811012612,0.0832191228876747,0.9221339140891764,1.0908242295348682,0.014240401799128744,2.23975,8959.0,0.031164133703858305,0.0832191228876747,0.1075,0,0.0,0.0,0,0.0,0.0,0,0.0,0.0,0,190,0.0475,7,0,0,0.0,4000,0.0,0.0,0.0,0.0,0.0,0.1,0.025144956314535283,0.0
176,0.9935520066193495,0.03107564864679221,0.027136434811012612,0.0817191053731966,0.9222585480585312,1.0890404188623641,0.012979057176248171,2.24,8960.0,0.03107564864679221,0.0817191053731966,0.1055,0,0.0,0.0,0,0.0,0.0,0,0.0,0.0,0,181,0.04525,3,0,0,0.0,4000,0.0,0.0,0.0,0.0,0.0,0.1,0.012847895154884825,0.0
177,0.9937588807350297,0.030994208608028356,0.027136434811012612,0.08050095307703442,0.9223951992577863,1.087596364811543,0.012495609430309246,2.23975,8959.0,0.030994208608028356,0.08050095307703442,0.09875,0,0.0,0.0,0,0.0,0.0,0,0.0,0.0,0,198,0.0495,7,0,0,0.0,4000,0.0,0.0,0.0,0.0,0.0,0.1,0.02515786338363779,0.0
178,0.9936452818691595,0.031030242538264707,0.027136434811012612,0.07936940312024426,0.9224480467496435,1.0862585068071648,0.014240401799128742,2.242,8968.0,0.031030242538264707,0.07936940312024426,0.11375,0,0.0,0.0,0,0.0,0.0,0,0.0,0.0,0,175,0.04375,13,0,0,0.0,4000,0.0,0.0,0.0,0.0,0.0,0.1,0.011746425734710075,0.0
179,0.9939156588966028,0.03079156973357327,0.027136434811012612,0.0782350624466054,0.9227304826576108,1.084920648802787,0.010973849545067669,2.2425,8970.0,0.03079156973357327,0.0782350624466054,0.1105,0,0.0,0.0,0,0.0,0.0,0,0.0,0.0,0,169,0.04225,8,0,0,0.0,4000,0.0,0.0,0.0,0.0,0.0,0.1,0.009436457505957119,0.0
180,0.9935105664850761,0.03062495677536129,0.027136434811012612,0.07709792071934553,0.9229339872106918,1.083582790798409,0.014990401799128743,2.24275,8971.0,0.03062495677536129,0.07709792071934553,0.1085,0,0.0,0.0,0,0.0,0.0,0,0.0,0.0,0,195,0.04875,5,0,0,0.0,4000,0.0,0.0,0.0,0.0,0.0,0.1,0.0177907069102462,0.0
181,0.993560387040631,0.03060456170913156,0.027136434811012612,0.07595796755057954,0.9229658586568712,1.0822449327940307,0.015490401799128741,2.24375,8975.0,0.03060456170913156,0.07595796755057954,0.12225,0,0.0,0.0,0,0.0,0.0,0,0.0,0.0,0,167,0.04175,4,0,0,0.0,4000,0.0,0.0,0.0,0.0,0.0,0.1,0.030251985702938855,0.0
182,0.993560387040631,0.030637313014836288,0.027136434811012612,0.07481519250099324,0.9229783772712408,1.0809070747896525,0.015490401799128741,2.24475,8979.0,0.030637313014836288,0.07481519250099324,0.10975,0,0.0,0.0,0,0.0,0.0,0,0.0,0.0,0,179,0.04475,8,0,0,0.0,4000,0.0,0.0,0.0,0.0,0.0,0.1,0.016540706910246228,0.0
183,0.9939141419204975,0.030636813087137407,0.027136434811012612,0.07366958507952465,0.9230562753284536,1.0795692167852748,0.011266552254061075,2.24625,8985.0,0.030636813087137407,0.07366958507952465,0.12,0,0.0,0.0,0,0.0,0.0,0,0.0,0.0,0,187,0.04675,12,0,0,0.0,4000,0.0,0.0,0.0,0.0,0.0,0.1,0.026942017474185898,0.0
184,0.9937446357784544,0.030628586451150422,0.027136434811012612,0.07252113474304306,0.9230962025561744,1.0782313587808965,0.011712504922187096,2.24775,8991.0,0.030628586451150422,0.07252113474304306,0.10925,0,0.0,0.0,0,0.0,0.0,0,0.0,0.0,0,185,0.04625,10,0,0,0.0,4000,0.0,0.0,0.0,0.0,0.0,0.1,0.008303613979348756,0.0
185,0.9941021327441514,0.030646867089822994,0.027136434811012612,0.0713698308960255,0.9231434144313136,1.0768935007765186,0.009962504922187096,2.24825,8993.0,0.030646867089822994,0.0713698308960255,0.11525,0,0.0,0.0,0,0.0,0.0,0,0.0,0.0,0,195,0.04875,8,0,0,0.0,4000,0.0,0.0,0.0,0.0,0.0,0.1,0.026926330420969036,0.0
186,0.9941005497446687,0.030619159761599145,0.027136434811012612,0.07021566289023091,0.9232521583673089,1.0755556427721407,0.012560927594249477,2.24925,8997.0,0.030619159761599145,0.07021566289023091,0.12,0,0.0,0.0,0,0.0,0.0,0,0.0,0.0,0,172,0.043,8,0,0,0.0,4000,0.0,0.0,0.0,0.0,0.0,0.1,0.022176330420969004,0.0
187,0.9940473396528126,0.030565440935624435,0.027136434811012612,0.06905862002437196,0.9233874865065695,1.0742177847677623,0.014194770155063536,2.25,9000.0,0.030565440935624435,0.06905862002437196,0.10425,0,0.0,0.0,0,0.0,0.0,0,0.0,0.0,0,165,0.04125,7,0,0,0.0,4000,0.0,0.0,0.0,0.0,0.0,0.1,0.010126489277204165,0.0
188,0.9938686808456725,0.03052071876192688,0.027136434811012612,0.0678986915437841,0.9234579103084454,1.0728799267633844,0.014640722823189557,2.2505,9002.0,0.03052071876192688,0.0678986915437841,0.119,0,0.0,0.0,0,0.0,0.0,0,0.0,0.0,0,181,0.04525,12,0,0,0.0,4000,0.0,0.0,0.0,0.0,0.0,0.1,0.013644956314535328,0.0
189,0.9940109976001303,0.030389254996470355,0.027136434811012612,0.06673586664009257,0.9236494518285161,1.0715420687590063,0.015385515192009052,2.25125,9005.0,0.030389254996470355,0.06673586664009257,0.10975,0,0.0,0.0,0,0.0,0.0,0,0.0,0.0,0,164,0.041,11,0,0,0.0,4000,0.0,0.0,0.0,0.0,0.0,0.1,0.019717831612390824,0.0
190,0.9939340691746307,0.030411890281953097,0.027136434811012612,0.0655701344508765,0.9236932172242589,1.0702042107546283,0.016402067446070128,2.25225,9009.0,0.030411890281953097,0.0655701344508765,0.11325,0,0.0,0.0,0,0.0,0.0,0,0.0,0.0,0,196,0.049,8,0,0,0.0,4000,0.0,0.0,0.0,0.0,0.0,0.1,0.011452144559173982,0.0
191,0.993749530588826,0.03042116299544009,0.027136434811012612,0.06440148405933087,0.9237436708911307,1.0688663527502502,0.016848020114196147,2.2525,9010.0,0.03042116299544009,0.06440148405933087,0.10825,0,0.0,0.0,0,0.0,0.0,0,0.0,0.0,0,164,0.041,3,0,0,0.0,4000,0.0,0.0,0.0,0.0,0.0,0.1,0.010097895154884906,0.0
192,0.9936114934159321,0.030484568903708768,0.027136434811012612,0.06322990449392554,0.9237384657256082,1.0675284947458723,0.014132307135380785,2.25375,9015.0,0.030484568903708768,0.06322990449392554,0.1075,0,0.0,0.0,0,0.0,0.0,0,0.0,0.0,0,153,0.03825,13,0,0,0.0,4000,0.0,0.0,0.0,0.0,0.0,0.1,0.015613582208101606,0.0
193,0.9937074977165852,0.030547867402368728,0.027136434811012612,0.06205538472806201,0.9237260156515401,1.066190636741494,0.01437709950420028,2.255,9020.0,0.030547867402368728,0.06205538472806201,0.11275,0,0.0,0.0,0,0.0,0.0,0,0.0,0.0,0,158,0.0395,9,0,0,0.0,4000,0.0,0.0,0.0,0.0,0.0,0.1,0.0246606433677522,0.0
194,0.9939016633787295,0.030488823371874064,0.027136434811012612,0.06087791367972743,0.9238255551710701,1.064852778737116,0.011919802213193687,2.2555,9022.0,0.030488823371874064,0.06087791367972743,0.11725,0,0.0,0.0,0,0.0,0.0,0,0.0,0.0,0,185,0.04625,6,0,0,0.0,4000,0.0,0.0,0.0,0.0,0.0,0.1,0.025720611596505183,0.0
195,0.9932400514025006,0.030420397881023596,0.027136434811012612,0.059697480211146126,0.9239297093891742,1.0635149207327381,0.0163230521723263,2.2555,9022.0,0.030420397881023596,0.059697480211146126,0.1055,0,0.0,0.0,0,0.0,0.0,0,0.0,0.0,0,188,0.047,6,0,0,0.0,4000,0.0,0.0,0.0,0.0,0.0,0.1,0.00967077045274023,0.0
196,0.9931433088744325,0.030518834059263582,0.027136434811012612,0.05851407312842837,0.9238483918036909,1.06217706272836,0.014811707549445729,2.25675,9027.0,0.030518834059263582,0.05851407312842837,0.10825,0,0.0,0.0,0,0.0,0.0,0,0.0,0.0,0,176,0.044,9,0,0,0.0,4000,0.0,0.0,0.0,0.0,0.0,0.1,0.015657863383637838,0.0
197,0.9940882492955495,0.030330600010505943,0.027136434811012612,0.05732768118121654,0.9240757464961556,1.0608392047239819,0.014368232120638499,2.257,9028.0,0.030330600010505943,0.05732768118121654,0.11125,0,0.0,0.0,0,0.0,0.0,0,0.0,0.0,0,187,0.04675,5,0,0,0.0,4000,0.0,0.0,0.0,0.0,0.0,0.1,0.028543486894360592,0.0
198,0.9940074502113432,0.030271748089924545,0.027136434811012612,0.056138293062328606,0.924192605930059,1.0595013467196037,0.014123439751819004,2.25825,9033.0,0.030271748089924545,0.056138293062328606,0.1105,0,0.0,0.0,0,0.0,0.0,0,0.0,0.0,0,171,0.04275,11,0,0,0.0,4000,0.0,0.0,0.0,0.0,0.0,0.1,0.02293923749007143,0.0
199,0.9945310664239732,0.03014202919956095,0.027136434811012612,0.05494589740739897,0.924412478163606,1.0581634887152258,0.012873439751819003,2.2575,9030.0,0.03014202919956095,0.05494589740739897,0.105,0,0.0,0.0,0,0.0,0.0,0,0.0,0.0,0,184,0.046,9,0,0,0.0,4000,0.0,0.0,0.0,0.0,0.0,0.1,0.01493645750595718,0.0
200,0.9944420007739082,0.030184184862280534,0.027136434811012612,0.053750482794516434,0.9243625060024242,1.0568256307108477,0.011649590206751336,2.25925,9037.0,0.030184184862280534,0.053750482794516434,0.104,0,0.0,0.0,0,0.0,0.0,0,0.0,0.0,0,204,0.051,11,0,0,0.0,4000,0.0,0.0,0.0,0.0,0.0,0.1,0.014347895154884882,0.0
201,0.9941356008735294,0.030271302782010283,0.027136434811012612,0.05255203774385954,0.9243279565547152,1.0554877727064695,0.013660934829631908,2.25875,9035.0,0.030271302782010283,0.05255203774385954,0.12025,0,0.0,0.0,0,0.0,0.0,0,0.0,0.0,0,158,0.0395,6,0,0,0.0,4000,0.0,0.0,0.0,0.0,0.0,0.1,0.0020693010325655292,0.0
202,0.994022010806341,0.030354415545823236,0.027136434811012612,0.05135055071732905,0.9243272030981755,1.0541499147020916,0.011365754881319707,2.25775,9031.0,0.030354415545823236,0.05135055071732905,0.1025,0,0.0,0.0,0,0.0,0.0,0,0.0,0.0,0,167,0.04175,4,0,0,0.0,4000,0.0,0.0,0.0,0.0,0.0,0.1,0.02935067513899914,0.0
203,0.9933731098747409,0.030418018725054445,0.027136434811012612,0.050146010118177736,0.9242752314874729,1.0528120566977135,0.013453612885697769,2.2575,9030.0,0.030418018725054445,0.050146010118177736,0.11025,0,0.0,0.0,0,0.0,0.0,0,0.0,0.0,0,177,0.04425,9,0,0,0.0,4000,0.0,0.0,0.0,0.0,0.0,0.1,0.012863582208101687,0.0
204,0.9932833240457069,0.0303599414224116,0.027136434811012612,0.04905067395177157,0.9243528163124872,1.0515984997734151,0.014129353547381438,2.2575,9030.0,0.0303599414224116,0.04905067395177157,0.10325,0,0.0,0.0,0,0.0,0.0,0,0.0,0.0,0,186,0.0465,10,0,0,0.0,4000,0.0,0.0,0.0,0.0,0.0,0.1,0.012715051628276464,0.0
205,0.9933500277317919,0.030321529040884768,0.027136434811012612,0.04824387324239402,0.9244150841952953,1.0507065944371632,0.013250566280689068,2.258,9032.0,0.030321529040884768,0.04824387324239402,0.115,0,0.0,0.0,0,0.0,0.0,0,0.0,0.0,0,178,0.0445,6,0,0,0.0,4000,0.0,0.0,0.0,0.0,0.0,0.1,0.01923351866560763,0.0
206,0.9938534229498062,0.03017827994540468,0.027136434811012612,0.047435701643724376,0.924585324433726,1.049814689100911,0.017029022712661105,2.25875,9035.0,0.03017827994540468,0.047435701643724376,0.109,0,0.0,0.0,0,0.0,0.0,0,0.0,0.0,0,185,0.04625,11,0,0,0.0,4000,0.0,0.0,0.0,0.0,0.0,0.1,0.023644956314535337,0.0
207,0.993550083914857,0.030224727724054056,0.027136434811012612,0.04662615565873647,0.9245877564841032,1.048922783764659,0.014748792834009969,2.26,9040.0,0.030224727724054056,0.04662615565873647,0.11125,0,0.0,0.0,0,0.0,0.0,0,0.0,0.0,0,173,0.04325,7,0,0,0.0,4000,0.0,0.0,0.0,0.0,0.0,0.1,0.021394956314535363,0.0
208,0.9931247740907696,0.03019574674090153,0.027136434811012612,0.04581523177849983,0.9246438688394151,1.0480308784284071,0.01573671739381992,2.25975,9039.0,0.03019574674090153,0.04581523177849983,0.11,0,0.0,0.0,0,0.0,0.0,0,0.0,0.0,0,186,0.0465,9,0,0,0.0,4000,0.0,0.0,0.0,0.0,0.0,0.1,0.02026211278792689,0.0
209,0.9932306235189405,0.030136053792965842,0.027136434811012612,0.04500292648212903,0.9247627045826607,1.047138973092155,0.015187060631636693,2.25975,9039.0,0.030136053792965842,0.04500292648212903,0.102,0,0.0,0.0,0,0.0,0.0,0,0.0,0.0,0,171,0.04275,10,0,0,0.0,4000,0.0,0.0,0.0,0.0,0.0,0.1,0.024290706910246262,0.0
210,0.9935688747771606,0.029995673021442546,0.027136434811012612,0.04418923623673266,0.9249360340285464,1.0462470677559028,0.014220165139758845,2.25875,9035.0,0.029995673021442546,0.04418923623673266,0.11425,0,0.0,0.0,0,0.0,0.0,0,0.0,0.0,0,169,0.04225,8,0,0,0.0,4000,0.0,0.0,0.0,0.0,0.0,0.1,0.02554348689436059,0.0
211,0.9931725133819045,0.029989420403375506,0.027136434811012612,0.043374157497362134,0.9250262590763013,1.0453551624196509,0.012212394025079277,2.25875,9035.0,0.029989420403375506,0.043374157497362134,0.10475,0,0.0,0.0,0,0.0,0.0,0,0.0,0.0,0,173,0.04325,10,0,0,0.0,4000,0.0,0.0,0.0,0.0,0.0,0.1,0.027894956314535313,0.0
212,0.9937186288403973,0.029984933741735033,0.027136434811012612,0.042557686706960286,0.925100699472197,1.044463257083399,0.014790764725693899,2.25875,9035.0,0.029984933741735033,0.042557686706960286,0.11575,0,0.0,0.0,0,0.0,0.0,0,0.0,0.0,0,187,0.04675,4,0,0,0.0,4000,0.0,0.0,0.0,0.0,0.0,0.1,0.014512112787926856,0.0
213,0.9938657743487986,0.0299890427183604,0.027136434811012612,0.04173982029630949,0.9250917912393825,1.0435713517471468,0.014214957508578341,2.25975,9039.0,0.0299890427183604,0.04173982029630949,0.11025,0,0.0,0.0,0,0.0,0.0,0,0.0,0.0,0,153,0.03825,12,0,0,0.0,4000,0.0,0.0,0.0,0.0,0.0,0.1,0.049400516282764095,0.0
214,0.9931635109365816,0.029962538557157855,0.027136434811012612,0.040920554683979767,0.9251752716916571,1.0426794464108948,0.018921548635203,2.2605,9042.0,0.029962538557157855,0.040920554683979767,0.107,0,0.0,0.0,0,0.0,0.0,0,0.0,0.0,0,167,0.04175,11,0,0,0.0,4000,0.0,0.0,0.0,0.0,0.0,0.1,0.020879269261318556,0.0
215,0.9933101821016262,0.030028277667894086,0.027136434811012612,0.040099886276276454,0.9251471679775661,1.0417875410746429,0.017850949049267945,2.261,9044.0,0.030028277667894086,0.040099886276276454,0.10575,0,0.0,0.0,0,0.0,0.0,0,0.0,0.0,0,168,0.042,6,0,0,0.0,4000,0.0,0.0,0.0,0.0,0.0,0.1,0.017363582208101636,0.0
216,0.9924926455427672,0.02999973133373568,0.027136434811012612,0.03927781146718766,0.9252191388209867,1.0408956357383907,0.019672254799584933,2.26125,9045.0,0.02999973133373568,0.03927781146718766,0.114,0,0.0,0.0,0,0.0,0.0,0,0.0,0.0,0,161,0.04025,5,0,0,0.0,4000,0.0,0.0,0.0,0.0,0.0,0.1,0.032147736298649754,0.0
217,0.9928858941279982,0.029906806963590556,0.027136434811012612,0.03845432663833145,0.9253340918220044,1.0400037304021388,0.01878034946333289,2.2615,9046.0,0.029906806963590556,0.03845432663833145,0.0985,0,0.0,0.0,0,0.0,0.0,0,0.0,0.0,0,161,0.04025,7,0,0,0.0,4000,0.0,0.0,0.0,0.0,0.0,0.1,0.01349364575059564,0.0
218,0.9926242168387859,0.029815285393974534,0.027136434811012612,0.03762942815890277,0.9253957931325906,1.0391118250658864,0.019459749877397837,2.26225,9049.0,0.029815285393974534,0.03762942815890277,0.11625,0,0.0,0.0,0,0.0,0.0,0,0.0,0.0,0,156,0.039,7,0,0,0.0,4000,0.0,0.0,0.0,0.0,0.0,0.1,0.021160643367752252,0.0
219,0.9925022053511322,0.02966550527434751,0.027136434811012612,0.03680311238562009,0.9255993107449533,1.0382199197296345,0.020172254799584934,2.2635,9054.0,0.02966550527434751,0.03680311238562009,0.112,0,0.0,0.0,0,0.0,0.0,0,0.0,0.0,0,184,0.046,7,0,0,0.0,4000,0.0,0.0,0.0,0.0,0.0,0.1,0.0166735504368547,0.0
220,0.9931544824501347,0.02982646545879066,0.027136434811012612,0.03597537566267174,0.9254926984180877,1.0373280143933825,0.017226302131458912,2.2635,9054.0,0.02982646545879066,0.03597537566267174,0.09725,0,0.0,0.0,0,0.0,0.0,0,0.0,0.0,0,177,0.04425,8,0,0,0.0,4000,0.0,0.0,0.0,0.0,0.0,0.1,0.009977958697378941,0.0
221,0.9926907846510734,0.0296833099898232,0.027136434811012612,0.035146214321662025,0.9256737502978697,1.0364361090571306,0.01821495750857834,2.26375,9055.0,0.0296833099898232,0.035146214321662025,0.11675,0,0.0,0.0,0,0.0,0.0,0,0.0,0.0,0,203,0.05075,9,0,0,0.0,4000,0.0,0.0,0.0,0.0,0.0,0.1,0.019866362192216047,0.0
222,0.9921308576364781,0.029567712582449394,0.027136434811012612,0.0343688583153285,0.9258182814306508,1.035601335919357,0.019606862844830382,2.26525,9061.0,0.029567712582449394,0.0343688583153285,0.11,0,0.0,0.0,0,0.0,0.0,0,0.0,0.0,0,179,0.04475,8,0,0,0.0,4000,0.0,0.0,0.0,0.0,0.0,0.1,0.018673550436854702,0.0
223,0.9919341613666497,0.0296570286450597,0.027136434811012612,0.033952964911441,0.9257809658292389,1.035155383251231,0.020042977738309972,2.26525,9061.0,0.0296570286450597,0.033952964911441,0.10675,0,0.0,0.0,0,0.0,0.0,0,0.0,0.0,0,172,0.043,12,0,0,0.0,4000,0.0,0.0,0.0,0.0,0.0,0.1,0.02589495631453531,0.0
224,0.9921308576364781,0.029666582277684025,0.027136434811012612,0.03353671301314408,0.925800999337231,1.034709430583105,0.019606862844830382,2.267,9068.0,0.029666582277684025,0.03353671301314408,0.10675,0,0.0,0.0,0,0.0,0.0,0,0.0,0.0,0,189,0.04725,7,0,0,0.0,4000,0.0,0.0,0.0,0.0,0.0,0.1,0.014775019857029337,0.0
225,0.9926042960837476,0.029622557810825914,0.027136434811012612,0.03312010215671199,0.9258701487005342,1.034263477914979,0.017720165139758843,2.2665,9066.0,0.029622557810825914,0.03312010215671199,0.11875,0,0.0,0.0,0,0.0,0.0,0,0.0,0.0,0,172,0.043,8,0,0,0.0,4000,0.0,0.0,0.0,0.0,0.0,0.1,0.013100675138999152,0.0
226,0.9921873335204902,0.029635417484407362,0.027136434811012612,0.032703131877618814,0.9258842935580681,1.033817525246853,0.01901790610736641,2.2665,9066.0,0.029635417484407362,0.032703131877618814,0.12275,0,0.0,0.0,0,0.0,0.0,0,0.0,0.0,0,186,0.0465,6,0,0,0.0,4000,0.0,0.0,0.0,0.0,0.0,0.1,0.032929110405083395,0.0
227,0.992661050205896,0.029693360111045047,0.027136434811012612,0.0322858017105368,0.9258144035925554,1.033371572578727,0.016507660217571746,2.26675,9067.0,0.029693360111045047,0.0322858017105368,0.106,0,0.0,0.0,0,0.0,0.0,0,0.0,0.0,0,145,0.03625,9,0,0,0.0,4000,0.0,0.0,0.0,0.0,0.0,0.1,0.010759332803812582,0.0
228,0.9917636493057711,0.029660526616222874,0.027136434811012612,0.03186811118933458,0.9258719812219747,1.032925619910601,0.0180404206560004,2.26775,9071.0,0.029660526616222874,0.03186811118933458,0.10775,0,0.0,0.0,0,0.0,0.0,0,0.0,0.0,0,176,0.044,6,0,0,0.0,4000,0.0,0.0,0.0,0.0,0.0,0.1,0.020129269261318528,0.0
229,0.992154163467763,0.029606109434229182,0.027136434811012612,0.031450059847075454,0.9259333396046997,1.032479667242475,0.018475372770939347,2.26775,9071.0,0.029606109434229182,0.031450059847075454,0.11325,0,0.0,0.0,0,0.0,0.0,0,0.0,0.0,0,160,0.04,10,0,0,0.0,4000,0.0,0.0,0.0,0.0,0.0,0.1,0.028926330420969038,0.0
230,0.9917524857248843,0.029599906641879434,0.027136434811012612,0.031031647216015666,0.9260003442966759,1.032033714574349,0.01936727810719139,2.2695,9078.0,0.029599906641879434,0.031031647216015666,0.11225,0,0.0,0.0,0,0.0,0.0,0,0.0,0.0,0,165,0.04125,13,0,0,0.0,4000,0.0,0.0,0.0,0.0,0.0,0.1,0.02118923749007151,0.0
231,0.9919782676364558,0.02958522510500564,0.027136434811012612,0.03061287282760262,0.9260747592406385,1.031587761906223,0.01942132543906537,2.2705,9082.0,0.02958522510500564,0.03061287282760262,0.10225,0,0.0,0.0,0,0.0,0.0,0,0.0,0.0,0,193,0.04825,8,0,0,0.0,4000,0.0,0.0,0.0,0.0,0.0,0.1,0.02483498808578244,0.0
232,0.9922301355681175,0.029460269175091692,0.027136434811012612,0.030193736212473177,0.9262038611020191,1.0311418092380968,0.017211035434050708,2.2705,9082.0,0.029460269175091692,0.030193736212473177,0.11325,0,0.0,0.0,0,0.0,0.0,0,0.0,0.0,0,165,0.04125,10,0,0,0.0,4000,0.0,0.0,0.0,0.0,0.0,0.1,0.009863582208101684,0.0
233,0.9923667706337141,0.02951664234294364,0.027136434811012612,0.029774236900451834,0.9261896795793991,1.030695856569971,0.016083467434687308,2.271,9084.0,0.02951664234294364,0.029774236900451834,0.1075,0,0.0,0.0,0,0.0,0.0,0,0.0,0.0,0,171,0.04275,6,0,0,0.0,4000,0.0,0.0,0.0,0.0,0.0,0.1,0.022762112787926836,0.0
234,0.9925278794590208,0.029290489616234507,0.027136434811012612,0.02935437442054907,0.9264478435358823,1.030249903901845,0.015474555709449599,2.27025,9081.0,0.029290489616234507,0.02935437442054907,0.11175,0,0.0,0.0,0,0.0,0.0,0,0.0,0.0,0,183,0.04575,7,0,0,0.0,4000,0.0,0.0,0.0,0.0,0.0,0.1,0.022483518665607605,0.0
235,0.9924863644357578,0.029428511575178548,0.027136434811012612,0.028934148300959483,0.9263300588324037,1.029803951233719,0.014257660217571749,2.2705,9082.0,0.029428511575178548,0.028934148300959483,0.11,0,0.0,0.0,0,0.0,0.0,0,0.0,0.0,0,164,0.041,3,0,0,0.0,4000,0.0,0.0,0.0,0.0,0.0,0.1,0.03217633042096901,0.0
236,0.9920948854086362,0.029527337246077954,0.027136434811012612,0.028513558069060065,0.9262758892581664,1.029357998565593,0.017220165139758846,2.2695,9078.0,0.029527337246077954,0.028513558069060065,0.116,0,0.0,0.0,0,0.0,0.0,0,0.0,0.0,0,171,0.04275,8,0,0,0.0,4000,0.0,0.0,0.0,0.0,0.0,0.1,0.01743923749007148,0.0
237,0.9926966356950229,0.02959170984016854,0.027136434811012612,0.028092603251408447,0.9262392750797107,1.028912045897467,0.014828259803506803,2.27025,9081.0,0.02959170984016854,0.028092603251408447,0.1105,0,0.0,0.0,0,0.0,0.0,0,0.0,0.0,0,165,0.04125,5,0,0,0.0,4000,0.0,0.0,0.0,0.0,0.0,0.1,0.02293923749007143,0.0
238,0.992806363542054,0.029601680317592784,0.027136434811012612,0.027671283373741085,0.9262413158441717,1.028466093229341,0.016285557094513396,2.27125,9085.0,0.029601680317592784,0.027671283373741085,0.11075,0,0.0,0.0,0,0.0,0.0,0,0.0,0.0,0,169,0.04225,8,0,0,0.0,4000,0.0,0.0,0.0,0.0,0.0,0.1,0.024277799841143755,0.0
239,0.9925427053035858,0.029596063965619118,0.027136434811012612,0.027249597960971508,0.9262456471237056,1.0280201405612146,0.017785557094513394,2.27325,9093.0,0.029596063965619118,0.027249597960971508,0.10425,0,0.0,0.0,0,0.0,0.0,0,0.0,0.0,0,179,0.04475,12,0,0,0.0,4000,0.0,0.0,0.0,0.0,0.0,0.1,0.026012112787926922,0.0
240,0.9921517511711215,0.029512992035595077,0.027136434811012612,0.02682754653718851,0.9263845157988183,1.0275741878930889,0.018535557094513398,2.27375,9095.0,0.029512992035595077,0.02682754653718851,0.11025,0,0.0,0.0,0,0.0,0.0,0,0.0,0.0,0,173,0.04325,12,0,0,0.0,4000,0.0,0.0,0.0,0.0,0.0,0.1,0.016834988085782432,0.0
